MODEL,MANUFACTURER,MODEL,VEHICLE CLASS,ENGINE SIZE,CYLINDERS,TRANSMISSION,FUEL,FUEL CONSUMPTION,,,,FUEL,CO2 EMISSIONS 
YEAR,,# = high output engine,,(L),,,TYPE,CITY (L/100 km),HWY (L/100 km),CITY (mpg),HWY (mpg),(L/year),(g/km)
2010,ACURA,CSX,COMPACT,2.0,4,AS5,X,9.5,6.5,30,43,1620,186
2010,ACURA,CSX,COMPACT,2.0,4,M5,X,8.7,6.4,32,44,1540,177
2010,ACURA,CSX,COMPACT,2.0,4,M6,Z,10.2,6.8,28,42,1740,200
2010,ACURA,MDX AWD,SUV,3.7,6,AS6,Z,13.2,9.6,21,29,2320,267
2010,ACURA,RDX AWD TURBO,SUV,2.3,4,AS5,Z,11.7,8.7,24,32,2060,237
2010,ACURA,RL AWD,MID-SIZE,3.7,6,AS5,Z,13.1,9.0,22,31,2240,258
2010,ACURA,TL,MID-SIZE,3.5,6,AS5,Z,11.6,7.5,24,38,1940,223
2010,ACURA,TL AWD,MID-SIZE,3.7,6,AS5,Z,12.3,8.1,23,35,2080,239
2010,ACURA,TL AWD,MID-SIZE,3.7,6,M6,Z,11.9,8.0,24,35,2040,235
2010,ACURA,TSX,COMPACT,2.4,4,AS5,Z,9.6,6.5,29,43,1640,189
2010,ACURA,TSX,COMPACT,2.4,4,M6,Z,10.5,7.0,27,40,1780,205
2010,ACURA,TSX,COMPACT,3.5,6,AS5,Z,11.3,7.4,25,38,1900,218
2010,ASTON MARTIN,DB9,MINICOMPACT,5.9,12,AS6,Z,16.2,10.1,17,28,2700,310
2010,ASTON MARTIN,DB9,MINICOMPACT,5.9,12,M6,Z,18.9,11.7,15,24,3140,361
2010,ASTON MARTIN,DBS,MINICOMPACT,5.9,12,AS6,Z,18.1,11.2,16,25,2980,343
2010,ASTON MARTIN,DBS,MINICOMPACT,5.9,12,M6,Z,19.1,12.1,15,23,3180,366
2010,ASTON MARTIN,V8 VANTAGE,TWO-SEATER,4.7,8,AM6,Z,15.4,9.9,18,29,2580,297
2010,ASTON MARTIN,V8 VANTAGE,TWO-SEATER,4.7,8,M6,Z,17.4,10.8,16,26,2880,331
2010,AUDI,A3,STATION WAGON - SMALL,2.0,4,AS6,Z,9.4,6.9,30,41,1660,191
2010,AUDI,A3,STATION WAGON - SMALL,2.0,4,M6,Z,10.4,6.7,27,42,1740,200
2010,AUDI,A3 QUATTRO,STATION WAGON - SMALL,2.0,4,AS6,Z,9.6,7.5,29,38,1720,198
2010,AUDI,A3 TDI,STATION WAGON - SMALL,2.0,4,AS6,D,6.7,4.6,42,61,1160,157
2010,AUDI,A4,COMPACT,2.0,4,AV,Z,8.9,6.5,32,43,1560,179
2010,AUDI,A4 AVANT QUATTRO,STATION WAGON - SMALL,2.0,4,AS6,Z,10.1,7.3,28,39,1780,205
2010,AUDI,A4 QUATTRO,COMPACT,2.0,4,AS6,Z,10.1,7.3,28,39,1780,205
2010,AUDI,A4 QUATTRO,COMPACT,2.0,4,M6,Z,9.4,6.5,30,43,1620,186
2010,AUDI,A5 CABRIOLET QUATTRO,SUBCOMPACT,2.0,4,AS6,Z,10.1,7.5,28,38,1780,205
2010,AUDI,A5 COUPE,SUBCOMPACT,2.0,4,AS6,Z,10.1,7.3,28,39,1780,205
2010,AUDI,A5 COUPE,SUBCOMPACT,2.0,4,M6,Z,9.4,6.5,30,43,1620,186
2010,AUDI,A5 COUPE,SUBCOMPACT,3.2,6,AS6,Z,11.6,7.6,24,37,1960,225
2010,AUDI,A6,MID-SIZE,3.2,6,AV,Z,11.4,7.1,25,40,1900,218
2010,AUDI,A6 AVANT QUATTRO,STATION WAGON - MID-SIZE,3.0,6,AS6,Z,12.0,8.0,24,35,2040,235
2010,AUDI,A6 QUATTRO,MID-SIZE,3.0,6,AS6,Z,12.0,8.0,24,35,2040,235
2010,AUDI,A6 QUATTRO,MID-SIZE,4.2,8,AS6,Z,13.1,8.7,22,32,2220,255
2010,AUDI,A8,MID-SIZE,4.2,8,AS6,Z,13.1,8.7,22,32,2220,255
2010,AUDI,A8 L,FULL-SIZE,4.2,8,AS6,Z,13.1,8.7,22,32,2220,255
2010,AUDI,Q5,SUV,3.2,6,AS6,Z,11.5,9.0,25,31,2080,239
2010,AUDI,Q7,SUV,3.6,6,AS6,Z,14.8,10.4,19,27,2560,294
2010,AUDI,Q7,SUV,4.2,8,AS6,Z,16.1,11.2,18,25,2780,320
2010,AUDI,Q7 TDI,SUV,3.0,6,AS6,D,13.2,8.3,21,34,2200,297
2010,AUDI,R8,TWO-SEATER,4.2,8,AS6,Z,17.0,11.0,17,26,2860,329
2010,AUDI,R8,TWO-SEATER,4.2,8,M6,Z,17.1,10.3,17,27,2800,322
2010,AUDI,R8,TWO-SEATER,5.2,10,AS6,Z,16.5,11.2,17,25,2820,324
2010,AUDI,R8,TWO-SEATER,5.2,10,M6,Z,19.1,11.6,15,24,3140,361
2010,AUDI,S4,COMPACT,3.0,6,AS7,Z,12.1,7.9,23,36,2040,235
2010,AUDI,S4,COMPACT,3.0,6,M6,Z,12.2,8.1,23,35,2060,237
2010,AUDI,S5 CABRIOLET,SUBCOMPACT,3.0,6,AS7,Z,12.9,8.1,22,35,2140,246
2010,AUDI,S5 COUPE,SUBCOMPACT,4.2,8,AS6,Z,12.8,8.9,22,32,2220,255
2010,AUDI,S5 COUPE,SUBCOMPACT,4.2,8,M6,Z,15.1,9.4,19,30,2520,290
2010,AUDI,S6,MID-SIZE,5.2,10,AS6,Z,15.2,10.4,19,27,2600,299
2010,AUDI,TT COUPE QUATTRO,SUBCOMPACT,2.0,4,AS6,Z,9.7,7.1,29,40,1700,196
2010,AUDI,TT ROADSTER QUATTRO,TWO-SEATER,2.0,4,AS6,Z,9.7,7.1,29,40,1700,196
2010,BENTLEY,AZURE,MID-SIZE,6.8,8,AS6,Z,22.7,13.1,12,22,3680,423
2010,BENTLEY,CONTINENTAL FLYING SPUR,MID-SIZE,6.0,12,AS6,Z,20.9,11.9,14,24,3380,389
2010,BENTLEY,CONTINENTAL GT,COMPACT,6.0,12,AS6,Z,20.4,11.6,14,24,3280,377
2010,BENTLEY,CONTINENTAL GTC,COMPACT,6.0,12,AS6,Z,20.9,11.9,14,24,3380,389
2010,BENTLEY,CONTINENTAL SUPERSPORTS,TWO-SEATER,6.0,12,AS6,Z,18.1,11.3,16,25,3020,347
2010,BMW,128i CABRIOLET,SUBCOMPACT,3.0,6,A6,Z,11.3,7.4,25,38,1900,218
2010,BMW,128i CABRIOLET,SUBCOMPACT,3.0,6,M6,Z,10.8,6.9,26,41,1800,207
2010,BMW,128i COUPE,SUBCOMPACT,3.0,6,A6,Z,11.3,6.9,25,41,1860,214
2010,BMW,128i COUPE,SUBCOMPACT,3.0,6,M6,Z,10.8,6.9,26,41,1800,207
2010,BMW,135i CABRIOLET,SUBCOMPACT,3.0,6,A6,Z,11.9,7.9,24,36,2020,232
2010,BMW,135i CABRIOLET,SUBCOMPACT,3.0,6,M6,Z,11.6,7.7,24,37,1960,225
2010,BMW,135i COUPE,SUBCOMPACT,3.0,6,A6,Z,11.9,7.9,24,36,2020,232
2010,BMW,135i COUPE,SUBCOMPACT,3.0,6,M6,Z,11.6,7.7,24,37,1960,225
2010,BMW,323i,COMPACT,2.5,6,A6,Z,11.2,6.7,25,42,1840,212
2010,BMW,323i,COMPACT,2.5,6,M6,Z,11.1,6.9,25,41,1840,212
2010,BMW,328i,COMPACT,3.0,6,A6,Z,11.3,6.9,25,41,1860,214
2010,BMW,328i,COMPACT,3.0,6,M6,Z,10.8,6.9,26,41,1800,207
2010,BMW,328i CABRIOLET,SUBCOMPACT,3.0,6,A6,Z,11.3,7.4,25,38,1900,218
2010,BMW,328i CABRIOLET,SUBCOMPACT,3.0,6,M6,Z,12.2,7.4,23,38,2020,232
2010,BMW,328i COUPE,SUBCOMPACT,3.0,6,A6,Z,11.3,6.9,25,41,1860,214
2010,BMW,328i COUPE,SUBCOMPACT,3.0,6,M6,Z,10.8,6.9,26,41,1800,207
2010,BMW,328i xDRIVE,COMPACT,3.0,6,A6,Z,11.9,7.8,24,36,2020,232
2010,BMW,328i xDRIVE,COMPACT,3.0,6,M6,Z,12.2,7.6,23,37,2040,235
2010,BMW,328i xDRIVE COUPE,SUBCOMPACT,3.0,6,A6,Z,11.9,7.8,24,36,2020,232
2010,BMW,328i xDRIVE COUPE,SUBCOMPACT,3.0,6,M6,Z,12.2,7.6,23,37,2040,235
2010,BMW,328i xDRIVE TOURING,STATION WAGON - SMALL,3.0,6,A6,Z,11.9,7.8,24,36,2020,232
2010,BMW,328i xDRIVE TOURING,STATION WAGON - SMALL,3.0,6,M6,Z,12.2,7.6,23,37,2040,235
2010,BMW,335d,COMPACT,3.0,6,A6,D,9.0,5.4,31,52,1480,200
2010,BMW,335i,COMPACT,3.0,6,A6,Z,11.8,7.5,24,38,1980,228
2010,BMW,335i,COMPACT,3.0,6,M6,Z,11.7,7.6,24,37,1960,225
2010,BMW,335i CABRIOLET,SUBCOMPACT,3.0,6,A6,Z,11.8,7.5,24,38,1980,228
2010,BMW,335i CABRIOLET,SUBCOMPACT,3.0,6,M6,Z,11.7,7.6,24,37,1960,225
2010,BMW,335i COUPE,SUBCOMPACT,3.0,6,A6,Z,11.8,7.5,24,38,1980,228
2010,BMW,335i COUPE,SUBCOMPACT,3.0,6,M6,Z,11.7,7.6,24,37,1960,225
2010,BMW,335i xDRIVE,COMPACT,3.0,6,A6,Z,12.3,7.9,23,36,2060,237
2010,BMW,335i xDRIVE,COMPACT,3.0,6,M6,Z,12.1,7.9,23,36,2040,235
2010,BMW,335i xDRIVE COUPE,SUBCOMPACT,3.0,6,A6,Z,12.3,7.9,23,36,2060,237
2010,BMW,335i xDRIVE COUPE,SUBCOMPACT,3.0,6,M6,Z,12.1,7.9,23,36,2040,235
2010,BMW,528i,MID-SIZE,3.0,6,A6,Z,11.3,7.4,25,38,1900,218
2010,BMW,528i,MID-SIZE,3.0,6,M6,Z,10.8,6.9,26,41,1800,207
2010,BMW,528i xDRIVE,MID-SIZE,3.0,6,A6,Z,11.9,7.8,24,36,2020,232
2010,BMW,528i xDRIVE,MID-SIZE,3.0,6,M6,Z,12.2,7.6,23,37,2040,235
2010,BMW,535i GRAN TURISMO,FULL-SIZE,3.0,6,A8,Z,10.7,7.1,26,40,1820,209
2010,BMW,535i xDRIVE,MID-SIZE,3.0,6,A6,Z,12.3,7.9,23,36,2060,237
2010,BMW,535i xDRIVE,MID-SIZE,3.0,6,M6,Z,12.1,7.9,23,36,2040,235
2010,BMW,535i xDRIVE TOURING,STATION WAGON - MID-SIZE,3.0,6,A6,Z,12.8,8.2,22,34,2140,246
2010,BMW,535i xDRIVE TOURING,STATION WAGON - MID-SIZE,3.0,6,M6,Z,13.5,8.5,21,33,2240,258
2010,BMW,550i,MID-SIZE,4.8,8,A6,Z,13.5,8.5,21,33,2240,258
2010,BMW,550i,MID-SIZE,4.8,8,M6,Z,14.0,9.0,20,31,2340,269
2010,BMW,550i GRAN TURISMO,FULL-SIZE,4.4,8,A8,Z,14.0,9.2,20,31,2360,271
2010,BMW,650i CABRIOLET,SUBCOMPACT,4.8,8,A6,Z,14.0,8.7,20,32,2320,267
2010,BMW,650i CABRIOLET,SUBCOMPACT,4.8,8,M6,Z,15.0,9.6,19,29,2520,290
2010,BMW,650i COUPE,SUBCOMPACT,4.8,8,A6,Z,13.5,8.5,21,33,2240,258
2010,BMW,650i COUPE,SUBCOMPACT,4.8,8,M6,Z,14.0,9.0,20,31,2340,269
2010,BMW,750i,FULL-SIZE,4.4,8,A6,Z,14.4,9.1,20,31,2400,276
2010,BMW,750i xDRIVE,FULL-SIZE,4.4,8,A6,Z,15.4,10.0,18,28,2600,299
2010,BMW,750Li,FULL-SIZE,4.4,8,A6,Z,14.8,9.3,19,30,2460,283
2010,BMW,750Li xDRIVE,FULL-SIZE,4.4,8,A6,Z,15.4,10.0,18,28,2600,299
2010,BMW,760Li,FULL-SIZE,6.0,12,A8,Z,15.8,10.2,18,28,2660,306
2010,BMW,ACTIVEHYBRID X6,SUV,4.4,8,A7,Z,12.6,10.3,22,27,2320,267
2010,BMW,M3 CABRIOLET,SUBCOMPACT,4.0,8,AM7,Z,15.6,10.1,18,28,2620,301
2010,BMW,M3 CABRIOLET,SUBCOMPACT,4.0,8,M6,Z,15.7,10.1,18,28,2640,304
2010,BMW,M3 COUPE,SUBCOMPACT,4.0,8,AM7,Z,15.4,9.9,18,29,2580,297
2010,BMW,M3 COUPE,SUBCOMPACT,4.0,8,M6,Z,15.3,9.7,18,29,2560,294
2010,BMW,M3 SEDAN,COMPACT,4.0,8,AM7,Z,15.4,9.9,18,29,2580,297
2010,BMW,M3 SEDAN,COMPACT,4.0,8,M6,Z,15.3,9.7,18,29,2560,294
2010,BMW,M5,MID-SIZE,5.0,10,AM7,Z,17.9,11.0,16,26,2960,340
2010,BMW,M5,MID-SIZE,5.0,10,M6,Z,19.9,11.8,14,24,3240,373
2010,BMW,M6 CABRIOLET,SUBCOMPACT,5.0,10,AM7,Z,18.0,10.8,16,26,2960,340
2010,BMW,M6 CABRIOLET,SUBCOMPACT,5.0,10,M6,Z,20.3,11.7,14,24,3280,377
2010,BMW,M6 COUPE,SUBCOMPACT,5.0,10,AM7,Z,17.9,11.0,16,26,2960,340
2010,BMW,M6 COUPE,SUBCOMPACT,5.0,10,M6,Z,19.9,11.8,14,24,3240,373
2010,BMW,X3 xDRIVE28i,SUV,3.0,6,A6,Z,12.2,8.3,23,34,2100,242
2010,BMW,X3 xDRIVE28i,SUV,3.0,6,M6,Z,12.7,8.3,22,34,2140,246
2010,BMW,X3 xDRIVE30i,SUV,3.0,6,A6,Z,12.2,8.3,23,34,2100,242
2010,BMW,X3 xDRIVE30i,SUV,3.0,6,M6,Z,12.7,8.3,22,34,2140,246
2010,BMW,X5 M,SUV,4.4,8,A6,Z,17.0,11.9,17,24,2940,338
2010,BMW,X5 xDRIVE30i,SUV,3.0,6,A6,Z,13.6,9.3,21,30,2340,269
2010,BMW,X5 xDRIVE35d,SUV,3.0,6,A6,D,10.7,7.5,26,38,1860,251
2010,BMW,X5 xDRIVE48i,SUV,4.8,8,A6,Z,15.6,10.2,18,28,2640,304
2010,BMW,X6 M,SUV,4.4,8,A6,Z,17.0,11.9,17,24,2940,338
2010,BMW,X6 xDRIVE35i,SUV,3.0,6,A6,Z,14.4,10.0,20,28,2480,285
2010,BMW,X6 xDRIVE50i,SUV,4.4,8,A6,Z,17.1,11.0,17,26,2860,329
2010,BMW,Z4 sDRIVE30i,TWO-SEATER,3.0,6,A6,Z,11.3,6.9,25,41,1860,214
2010,BMW,Z4 sDRIVE30i,TWO-SEATER,3.0,6,M6,Z,10.8,6.9,26,41,1800,207
2010,BMW,Z4 sDRIVE35i,TWO-SEATER,3.0,6,AM7,Z,12.1,8.2,23,34,2060,237
2010,BMW,Z4 sDRIVE35i,TWO-SEATER,3.0,6,M6,Z,11.6,7.7,24,37,1960,225
2010,BUGATTI,VEYRON,TWO-SEATER,8.0,16,AS7,Z,27.5,15.5,10,18,4420,508
2010,BUICK,ENCLAVE,SUV,3.6,6,A6,X,12.7,8.4,22,34,2160,248
2010,BUICK,ENCLAVE AWD,SUV,3.6,6,A6,X,13.4,9.0,21,31,2280,262
2010,BUICK,LACROSSE,MID-SIZE,3.0,6,AS6,X,12.7,7.7,22,37,2080,239
2010,BUICK,LACROSSE,MID-SIZE,3.6,6,AS6,Z,12.2,7.3,23,39,2000,230
2010,BUICK,LACROSSE AWD,MID-SIZE,3.0,6,AS6,X,13.3,8.0,21,35,2180,251
2010,BUICK,LUCERNE,FULL-SIZE,3.9,6,A4,X,12.0,7.4,24,38,2000,230
2010,BUICK,LUCERNE,FULL-SIZE,3.9,6,A4,E,16.3,10.1,17,28,2700,216
2010,BUICK,LUCERNE,FULL-SIZE,4.6,8,A4,Z,13.8,8.7,20,32,2300,264
2010,CADILLAC,CTS,MID-SIZE,3.0,6,AS6,X,11.3,7.2,25,39,1900,218
2010,CADILLAC,CTS,MID-SIZE,3.6,6,AS6,X,11.4,6.9,25,41,1880,216
2010,CADILLAC,CTS,MID-SIZE,3.6,6,M6,X,13.0,7.9,22,36,2140,246
2010,CADILLAC,CTS AWD,MID-SIZE,3.0,6,AS6,X,11.9,7.7,24,37,2000,230
2010,CADILLAC,CTS AWD,MID-SIZE,3.6,6,AS6,X,11.7,7.4,24,38,1960,225
2010,CADILLAC,CTS SPORT WAGON,STATION WAGON - SMALL,3.0,6,AS6,X,11.3,7.2,25,39,1900,218
2010,CADILLAC,CTS SPORT WAGON,STATION WAGON - SMALL,3.6,6,AS6,X,11.8,7.5,24,38,1960,225
2010,CADILLAC,CTS SPORT WAGON AWD,STATION WAGON - SMALL,3.0,6,AS6,X,11.9,7.7,24,37,2000,230
2010,CADILLAC,CTS SPORT WAGON AWD,STATION WAGON - SMALL,3.6,6,AS6,X,11.7,7.4,24,38,1960,225
2010,CADILLAC,CTS-V,MID-SIZE,6.2,8,AS6,Z,17.5,11.0,16,26,2920,336
2010,CADILLAC,CTS-V,MID-SIZE,6.2,8,M6,Z,14.9,10.5,19,27,2580,297
2010,CADILLAC,DTS,FULL-SIZE,4.6,8,A4,Z,13.8,8.7,20,32,2300,264
2010,CADILLAC,ESCALADE AWD,SUV,6.2,8,A6,Z,15.3,10.1,18,28,2600,299
2010,CADILLAC,ESCALADE AWD,SUV,6.2,8,A6,E,21.2,13.3,13,21,3540,283
2010,CADILLAC,SRX,SUV,3.0,6,AS6,X,11.5,8.0,25,35,1980,228
2010,CADILLAC,SRX AWD,SUV,2.8,6,AS6,Z,13.6,9.1,21,31,2320,267
2010,CADILLAC,SRX AWD,SUV,3.0,6,AS6,X,12.2,8.8,23,32,2140,246
2010,CADILLAC,STS,MID-SIZE,3.6,6,AS6,X,11.4,6.9,25,41,1880,216
2010,CADILLAC,STS,MID-SIZE,4.6,8,AS6,Z,14.1,8.1,20,35,2280,262
2010,CADILLAC,STS AWD,MID-SIZE,3.6,6,AS6,X,11.7,7.4,24,38,1960,225
2010,CADILLAC,STS AWD,MID-SIZE,4.6,8,AS6,Z,14.2,9.1,20,31,2380,274
2010,CHEVROLET,AVALANCHE,PICKUP TRUCK - STANDARD,5.3,8,A6,X,14.4,9.6,20,29,2440,281
2010,CHEVROLET,AVALANCHE,PICKUP TRUCK - STANDARD,5.3,8,A6,E,19.6,12.6,14,22,3300,264
2010,CHEVROLET,AVEO,COMPACT,1.6,4,A4,X,8.2,5.8,34,49,1420,163
2010,CHEVROLET,AVEO,COMPACT,1.6,4,M5,X,7.5,5.7,38,50,1340,154
2010,CHEVROLET,AVEO 5,SUBCOMPACT,1.6,4,A4,X,8.2,5.8,34,49,1420,163
2010,CHEVROLET,AVEO 5,SUBCOMPACT,1.6,4,M5,X,7.5,5.7,38,50,1340,154
2010,CHEVROLET,CAMARO,COMPACT,3.6,6,AS6,X,11.4,6.9,25,41,1880,216
2010,CHEVROLET,CAMARO,COMPACT,3.6,6,M6,X,12.3,6.8,23,42,1960,225
2010,CHEVROLET,CAMARO SS,COMPACT,6.2,8,AS6,Z,13.2,7.9,21,36,2160,248
2010,CHEVROLET,CAMARO SS,COMPACT,6.2,8,M6,Z,13.2,8.2,21,34,2180,251
2010,CHEVROLET,COBALT,COMPACT,2.2,4,A4,X,8.7,5.9,32,48,1480,170
2010,CHEVROLET,COBALT,COMPACT,2.2,4,M5,X,8.4,5.8,34,49,1460,168
2010,CHEVROLET,COBALT SS,SUBCOMPACT,2.0,4,M5,Z,9.3,6.6,30,43,1620,186
2010,CHEVROLET,COBALT XFE,SUBCOMPACT,2.2,4,M5,X,8.0,5.4,35,52,1360,156
2010,CHEVROLET,COLORADO,PICKUP TRUCK - SMALL,2.9,4,A4,X,11.4,8.1,25,35,2000,230
2010,CHEVROLET,COLORADO,PICKUP TRUCK - SMALL,2.9,4,M5,X,11.3,7.8,25,36,1960,225
2010,CHEVROLET,COLORADO,PICKUP TRUCK - SMALL,3.7,5,A4,X,12.5,8.7,23,32,2160,248
2010,CHEVROLET,COLORADO,PICKUP TRUCK - SMALL,5.3,8,A4,X,14.4,9.9,20,29,2480,285
2010,CHEVROLET,COLORADO 4WD,PICKUP TRUCK - SMALL,2.9,4,A4,X,12.0,8.5,24,33,2100,242
2010,CHEVROLET,COLORADO 4WD,PICKUP TRUCK - SMALL,2.9,4,M5,X,11.7,8.1,24,35,2020,232
2010,CHEVROLET,COLORADO 4WD,PICKUP TRUCK - SMALL,3.7,5,A4,X,12.9,9.0,22,31,2220,255
2010,CHEVROLET,COLORADO 4WD,PICKUP TRUCK - SMALL,5.3,8,A4,X,15.3,10.4,18,27,2620,301
2010,CHEVROLET,COLORADO CHASSIS CAB,PICKUP TRUCK - SMALL,3.7,5,A4,X,13.9,10.2,20,28,2460,283
2010,CHEVROLET,COLORADO CHASSIS CAB 4WD,PICKUP TRUCK - SMALL,3.7,5,A4,X,13.3,9.3,21,30,2300,264
2010,CHEVROLET,COLORADO CREW CAB,PICKUP TRUCK - SMALL,2.9,4,A4,X,11.5,8.1,25,35,2000,230
2010,CHEVROLET,COLORADO CREW CAB,PICKUP TRUCK - SMALL,2.9,4,M5,X,11.4,7.8,25,36,1960,225
2010,CHEVROLET,COLORADO CREW CAB,PICKUP TRUCK - SMALL,3.7,5,A4,X,12.6,8.8,22,32,2180,251
2010,CHEVROLET,COLORADO CREW CAB,PICKUP TRUCK - SMALL,5.3,8,A4,X,14.4,9.9,20,29,2480,285
2010,CHEVROLET,COLORADO CREW CAB 4WD,PICKUP TRUCK - SMALL,3.7,5,A4,X,13.3,9.3,21,30,2300,264
2010,CHEVROLET,COLORADO CREW CAB 4WD,PICKUP TRUCK - SMALL,5.3,8,A4,X,15.3,10.4,18,27,2620,301
2010,CHEVROLET,CORVETTE,TWO-SEATER,6.2,8,AS6,Z,14.3,8.1,20,35,2300,264
2010,CHEVROLET,CORVETTE,TWO-SEATER,6.2,8,M6,Z,12.9,7.7,22,37,2120,244
2010,CHEVROLET,CORVETTE Z06,TWO-SEATER,7.0,8,M6,Z,14.2,8.2,20,34,2300,264
2010,CHEVROLET,CORVETTE ZR1,TWO-SEATER,6.2,8,M6,Z,15.5,10.2,18,28,2620,301
2010,CHEVROLET,EQUINOX,SUV,2.4,4,A6,X,9.2,6.1,31,46,1560,179
2010,CHEVROLET,EQUINOX,SUV,3.0,6,A6,X,12.4,8.0,23,35,2080,239
2010,CHEVROLET,EQUINOX AWD,SUV,2.4,4,A6,X,10.1,6.9,28,41,1740,200
2010,CHEVROLET,EQUINOX AWD,SUV,3.0,6,A6,X,12.3,8.4,23,34,2100,242
2010,CHEVROLET,EXPRESS CARGO,VAN - CARGO,4.3,6,A4,X,14.1,10.0,20,28,2460,283
2010,CHEVROLET,EXPRESS CARGO,VAN - CARGO,5.3,8,A4,X,16.2,11.4,17,25,2820,324
2010,CHEVROLET,EXPRESS CARGO,VAN - CARGO,5.3,8,A4,E,21.4,15.2,13,19,3720,298
2010,CHEVROLET,EXPRESS CARGO AWD,VAN - CARGO,5.3,8,A4,X,16.5,12.0,17,24,2900,334
2010,CHEVROLET,EXPRESS CARGO AWD,VAN - CARGO,5.3,8,A4,E,21.4,15.8,13,18,3780,302
2010,CHEVROLET,EXPRESS CARGO CONV,VAN - CARGO,5.3,8,A4,X,16.8,11.9,17,24,2920,336
2010,CHEVROLET,EXPRESS CARGO CONV,VAN - CARGO,5.3,8,A4,E,21.8,15.9,13,18,3820,306
2010,CHEVROLET,EXPRESS CARGO CONV AWD,VAN - CARGO,5.3,8,A4,X,16.5,12.1,17,23,2900,334
2010,CHEVROLET,EXPRESS CARGO CONV AWD,VAN - CARGO,5.3,8,A4,E,23.1,16.6,12,17,4040,323
2010,CHEVROLET,EXPRESS PASSENGER,VAN - PASSENGER,5.3,8,A4,X,16.8,11.9,17,24,2920,336
2010,CHEVROLET,EXPRESS PASSENGER,VAN - PASSENGER,5.3,8,A4,E,21.8,15.9,13,18,3820,306
2010,CHEVROLET,EXPRESS PASSENGER AWD,VAN - PASSENGER,5.3,8,A4,X,16.5,12.1,17,23,2900,334
2010,CHEVROLET,EXPRESS PASSENGER AWD,VAN - PASSENGER,5.3,8,A4,E,23.1,16.6,12,17,4040,323
2010,CHEVROLET,HHR,SUV,2.2,4,A4,X,9.6,6.5,29,43,1640,189
2010,CHEVROLET,HHR,SUV,2.2,4,A4,E,13.2,9.0,21,31,2260,181
2010,CHEVROLET,HHR,SUV,2.2,4,M5,X,9.2,6.1,31,46,1560,179
2010,CHEVROLET,HHR,SUV,2.2,4,M5,E,12.6,8.6,22,33,2160,173
2010,CHEVROLET,HHR,SUV,2.4,4,A4,Z,9.5,6.7,30,42,1640,189
2010,CHEVROLET,HHR,SUV,2.4,4,A4,E,13.7,9.4,21,30,2340,187
2010,CHEVROLET,HHR,SUV,2.4,4,M5,Z,9.5,6.6,30,43,1640,189
2010,CHEVROLET,HHR,SUV,2.4,4,M5,E,12.6,8.8,22,32,2180,174
2010,CHEVROLET,HHR PANEL,SUV,2.2,4,A4,X,9.6,6.5,29,43,1640,189
2010,CHEVROLET,HHR PANEL,SUV,2.2,4,A4,E,13.2,9.0,21,31,2260,181
2010,CHEVROLET,HHR PANEL,SUV,2.2,4,M5,X,9.2,6.1,31,46,1560,179
2010,CHEVROLET,HHR PANEL,SUV,2.2,4,M5,E,12.6,8.6,22,33,2160,173
2010,CHEVROLET,HHR SS,SUV,2.0,4,A4,Z,10.8,6.9,26,41,1800,207
2010,CHEVROLET,HHR SS,SUV,2.0,4,M5,Z,9.8,6.8,29,42,1700,196
2010,CHEVROLET,IMPALA,FULL-SIZE,3.5,6,A4,X,10.8,6.7,26,42,1800,207
2010,CHEVROLET,IMPALA,FULL-SIZE,3.5,6,A4,E,14.8,9.1,19,31,2460,197
2010,CHEVROLET,IMPALA,FULL-SIZE,3.9,6,A4,X,12.0,7.4,24,38,2000,230
2010,CHEVROLET,IMPALA,FULL-SIZE,3.9,6,A4,E,16.3,10.1,17,28,2700,216
2010,CHEVROLET,MALIBU,MID-SIZE,2.4,4,A4,X,9.5,6.5,30,43,1640,189
2010,CHEVROLET,MALIBU,MID-SIZE,2.4,4,A4,E,13.2,8.4,21,34,2220,178
2010,CHEVROLET,MALIBU,MID-SIZE,2.4,4,AS6,X,9.4,5.9,30,48,1560,179
2010,CHEVROLET,MALIBU,MID-SIZE,2.4,4,AS6,E,14.1,8.4,20,34,2300,184
2010,CHEVROLET,MALIBU,MID-SIZE,3.5,6,A4,X,10.8,6.7,26,42,1800,207
2010,CHEVROLET,MALIBU,MID-SIZE,3.5,6,A4,E,14.8,9.1,19,31,2460,197
2010,CHEVROLET,MALIBU,MID-SIZE,3.6,6,AS6,X,12.2,7.8,23,36,2040,235
2010,CHEVROLET,SILVERADO,PICKUP TRUCK - STANDARD,4.3,6,A4,X,14.1,10.0,20,28,2460,283
2010,CHEVROLET,SILVERADO,PICKUP TRUCK - STANDARD,4.8,8,A4,X,15.3,10.5,18,27,2620,301
2010,CHEVROLET,SILVERADO,PICKUP TRUCK - STANDARD,4.8,8,A4,E,20.2,14.3,14,20,3500,280
2010,CHEVROLET,SILVERADO,PICKUP TRUCK - STANDARD,5.3,8,A6,X,14.2,9.4,20,30,2400,276
2010,CHEVROLET,SILVERADO,PICKUP TRUCK - STANDARD,5.3,8,A6,E,19.3,12.6,15,22,3260,261
2010,CHEVROLET,SILVERADO,PICKUP TRUCK - STANDARD,6.2,8,A6,Z,17.0,10.6,17,27,2820,324
2010,CHEVROLET,SILVERADO,PICKUP TRUCK - STANDARD,6.2,8,A6,E,22.0,14.5,13,19,3720,298
2010,CHEVROLET,SILVERADO 4WD,PICKUP TRUCK - STANDARD,4.3,6,A4,X,14.9,11.3,19,25,2660,306
2010,CHEVROLET,SILVERADO 4WD,PICKUP TRUCK - STANDARD,4.8,8,A4,X,15.9,11.4,18,25,2780,320
2010,CHEVROLET,SILVERADO 4WD,PICKUP TRUCK - STANDARD,4.8,8,A4,E,21.1,15.3,13,18,3700,296
2010,CHEVROLET,SILVERADO 4WD,PICKUP TRUCK - STANDARD,5.3,8,A6,X,14.4,9.5,20,30,2440,281
2010,CHEVROLET,SILVERADO 4WD,PICKUP TRUCK - STANDARD,5.3,8,A6,E,19.5,12.6,14,22,3280,262
2010,CHEVROLET,SILVERADO 4WD,PICKUP TRUCK - STANDARD,6.2,8,A6,Z,17.5,10.7,16,26,2900,334
2010,CHEVROLET,SILVERADO 4WD,PICKUP TRUCK - STANDARD,6.2,8,A6,E,22.7,14.9,12,19,3820,306
2010,CHEVROLET,SILVERADO HYBRID,PICKUP TRUCK - STANDARD,6.0,8,AV,X,9.7,9.1,29,31,1880,216
2010,CHEVROLET,SILVERADO HYBRID 4WD,PICKUP TRUCK - STANDARD,6.0,8,AV,X,9.8,9.1,29,31,1900,218
2010,CHEVROLET,SILVERADO XFE,PICKUP TRUCK - STANDARD,5.3,8,A6,X,13.7,9.1,21,31,2320,267
2010,CHEVROLET,SILVERADO XFE,PICKUP TRUCK - STANDARD,5.3,8,A6,E,18.8,12.3,15,23,3180,254
2010,CHEVROLET,SUBURBAN,SUV,5.3,8,A6,X,14.4,9.6,20,29,2440,281
2010,CHEVROLET,SUBURBAN,SUV,5.3,8,A6,E,19.6,12.6,14,22,3300,264
2010,CHEVROLET,TAHOE,SUV,5.3,8,A6,X,14.4,9.6,20,29,2440,281
2010,CHEVROLET,TAHOE,SUV,5.3,8,A6,E,19.6,12.6,14,22,3300,264
2010,CHEVROLET,TAHOE 4WD,SUV,5.3,8,A6,X,14.4,9.5,20,30,2440,281
2010,CHEVROLET,TAHOE 4WD,SUV,5.3,8,A6,E,19.5,12.6,14,22,3280,262
2010,CHEVROLET,TAHOE HYBRID,SUV,6.0,8,AV,X,9.7,9.1,29,31,1880,216
2010,CHEVROLET,TAHOE HYBRID 4WD,SUV,6.0,8,AV,X,9.8,9.1,29,31,1900,218
2010,CHEVROLET,TRAVERSE,SUV,3.6,6,A6,X,12.7,8.4,22,34,2160,248
2010,CHEVROLET,TRAVERSE AWD,SUV,3.6,6,A6,X,13.1,8.8,22,32,2220,255
2010,CHRYSLER,300,FULL-SIZE,3.5,6,A4,X,12.2,8.1,23,35,2060,237
2010,CHRYSLER,300 AWD,FULL-SIZE,3.5,6,AS5,X,12.6,8.6,22,33,2160,248
2010,CHRYSLER,300C (MDS),FULL-SIZE,5.7,8,AS5,X,13.5,8.0,21,35,2220,255
2010,CHRYSLER,300C AWD (MDS),FULL-SIZE,5.7,8,AS5,X,13.4,8.7,21,32,2260,260
2010,CHRYSLER,300C SRT8,FULL-SIZE,6.1,8,AS5,Z,16.0,10.6,18,27,2720,313
2010,CHRYSLER,PT CRUISER,SUV,2.4,4,A4,X,11.0,8.1,26,35,1940,223
2010,CHRYSLER,SEBRING CONVERTIBLE,COMPACT,2.4,4,A4,X,10.3,6.9,27,41,1760,202
2010,CHRYSLER,SEBRING CONVERTIBLE,COMPACT,3.5,6,AS6,X,12.9,7.4,22,38,2080,239
2010,CHRYSLER,SEBRING CONVERTIBLE FFV,COMPACT,2.7,6,A4,X,11.7,7.6,24,37,1960,225
2010,CHRYSLER,SEBRING CONVERTIBLE FFV,COMPACT,2.7,6,A4,E,16.8,10.4,17,27,2780,222
2010,CHRYSLER,SEBRING SEDAN,MID-SIZE,2.4,4,A4,X,9.7,6.6,29,43,1660,191
2010,CHRYSLER,SEBRING SEDAN,MID-SIZE,3.5,6,AS6,X,12.9,7.4,22,38,2080,239
2010,CHRYSLER,SEBRING SEDAN FFV,MID-SIZE,2.7,6,A4,X,10.8,7.2,26,39,1840,212
2010,CHRYSLER,SEBRING SEDAN FFV,MID-SIZE,2.7,6,A4,E,15.5,10.0,18,28,2600,208
2010,CHRYSLER,TOWN & COUNTRY,MINIVAN,4.0,6,A6,X,12.2,7.9,23,36,2060,237
2010,DODGE,AVENGER,MID-SIZE,2.4,4,A4,X,9.7,6.6,29,43,1660,191
2010,DODGE,AVENGER,MID-SIZE,3.5,6,AS6,X,12.9,7.4,22,38,2080,239
2010,DODGE,CALIBER,MID-SIZE,2.0,4,AV,X,9.0,7.3,31,39,1660,191
2010,DODGE,CALIBER,MID-SIZE,2.0,4,M5,X,9.1,6.3,31,45,1560,179
2010,DODGE,CHALLENGER,FULL-SIZE,3.5,6,AS5,X,11.8,8.0,24,35,2020,232
2010,DODGE,CHALLENGER,FULL-SIZE,5.7,8,M6,X,13.8,8.2,20,34,2260,260
2010,DODGE,CHALLENGER (MDS),FULL-SIZE,5.7,8,AS5,X,13.5,8.0,21,35,2220,255
2010,DODGE,CHALLENGER SRT8,FULL-SIZE,6.1,8,AS5,Z,16.0,10.6,18,27,2720,313
2010,DODGE,CHALLENGER SRT8,FULL-SIZE,6.1,8,M6,Z,15.6,9.2,18,31,2540,292
2010,DODGE,CHARGER,FULL-SIZE,2.7,6,A4,X,11.3,7.7,25,37,1940,223
2010,DODGE,CHARGER,FULL-SIZE,3.5,6,A4,X,12.2,8.1,23,35,2060,237
2010,DODGE,CHARGER (MDS),FULL-SIZE,5.7,8,AS5,X,13.5,8.0,21,35,2220,255
2010,DODGE,CHARGER AWD,FULL-SIZE,3.5,6,AS5,X,12.6,8.6,22,33,2160,248
2010,DODGE,CHARGER AWD (MDS),FULL-SIZE,5.7,8,AS5,X,13.4,8.7,21,32,2260,260
2010,DODGE,CHARGER SRT8,FULL-SIZE,6.1,8,AS5,Z,16.0,10.6,18,27,2720,313
2010,DODGE,DAKOTA 4X2,PICKUP TRUCK - STANDARD,3.7,6,A4,X,14.4,9.8,20,29,2480,285
2010,DODGE,DAKOTA 4X4,PICKUP TRUCK - STANDARD,3.7,6,A4,X,15.6,11.3,18,25,2740,315
2010,DODGE,DAKOTA FFV 4X2,PICKUP TRUCK - STANDARD,4.7,8,A5,X,15.0,10.7,19,26,2620,301
2010,DODGE,DAKOTA FFV 4X2,PICKUP TRUCK - STANDARD,4.7,8,A5,E,23.8,15.6,12,18,4020,322
2010,DODGE,DAKOTA FFV 4X4,PICKUP TRUCK - STANDARD,4.7,8,A5,X,15.6,10.8,18,26,2680,308
2010,DODGE,DAKOTA FFV 4X4,PICKUP TRUCK - STANDARD,4.7,8,A5,E,23.8,16.8,12,17,4120,330
2010,DODGE,GRAND CARAVAN,MINIVAN,4.0,6,A6,X,12.2,7.9,23,36,2060,237
2010,DODGE,GRAND CARAVAN FFV,MINIVAN,3.3,6,A4,X,12.6,8.4,22,34,2140,246
2010,DODGE,GRAND CARAVAN FFV,MINIVAN,3.3,6,A4,E,18.4,12.0,15,24,3100,248
2010,DODGE,GRAND CARAVAN FFV C/V,MINIVAN,3.3,6,A4,X,12.3,8.3,23,34,2100,242
2010,DODGE,GRAND CARAVAN FFV C/V,MINIVAN,3.3,6,A4,E,18.0,11.9,16,24,3060,245
2010,DODGE,JOURNEY 4X2,SUV,2.4,4,A4,X,11.0,7.9,26,36,1920,221
2010,DODGE,JOURNEY 4X2,SUV,3.5,6,AS6,X,13.3,8.3,21,34,2220,255
2010,DODGE,JOURNEY AWD,SUV,3.5,6,AS6,X,13.6,8.7,21,32,2280,262
2010,DODGE,NITRO 4X4,SUV,3.7,6,A4,X,14.0,9.7,20,29,2420,278
2010,DODGE,NITRO 4X4,SUV,4.0,6,A5,X,13.5,9.7,21,29,2360,271
2010,DODGE,RAM 1500,PICKUP TRUCK - STANDARD,3.7,6,A4,X,14.8,10.0,19,28,2520,290
2010,DODGE,RAM 1500 (MDS),PICKUP TRUCK - STANDARD,5.7,8,A5,X,15.4,10.2,18,28,2620,301
2010,DODGE,RAM 1500 4X4 (MDS),PICKUP TRUCK - STANDARD,5.7,8,A5,X,16.2,10.8,17,26,2760,317
2010,DODGE,RAM 1500 FFV,PICKUP TRUCK - STANDARD,4.7,8,A5,X,15.6,10.8,18,26,2700,310
2010,DODGE,RAM 1500 FFV,PICKUP TRUCK - STANDARD,4.7,8,A5,E,24.4,16.1,12,18,4140,331
2010,DODGE,RAM 1500 FFV 4X4,PICKUP TRUCK - STANDARD,4.7,8,A5,X,16.7,11.4,17,25,2860,329
2010,DODGE,RAM 1500 FFV 4X4,PICKUP TRUCK - STANDARD,4.7,8,A5,E,23.8,16.8,12,17,4120,330
2010,DODGE,VIPER SRT10 CONVERTIBLE,TWO-SEATER,8.4,10,M6,Z,16.8,9.2,17,31,2680,308
2010,DODGE,VIPER SRT10 COUPE,TWO-SEATER,8.4,10,M6,Z,16.8,9.2,17,31,2680,308
2010,FERRARI,599 GTB FIORANO,TWO-SEATER,6.0,12,AS6,Z,20.1,13.2,14,21,3400,391
2010,FERRARI,599 GTB FIORANO,TWO-SEATER,6.0,12,M6,Z,19.8,13.1,14,22,3360,386
2010,FERRARI,612 SCAGLIETTI,MID-SIZE,5.7,12,AS6,Z,22.8,12.8,12,22,3660,421
2010,FERRARI,612 SCAGLIETTI,MID-SIZE,5.7,12,M6,Z,22.3,13.0,13,22,3620,416
2010,FERRARI,CALIFORNIA,MID-SIZE,4.3,8,AS7,Z,16.9,10.6,17,27,2940,338
2010,FORD,CROWN VICTORIA,FULL-SIZE,4.6,8,A4,X,13.4,8.7,21,32,2260,260
2010,FORD,CROWN VICTORIA,FULL-SIZE,4.6,8,A4,E,18.3,11.8,15,24,3080,246
2010,FORD,EDGE,SUV,3.5,6,A6,X,11.8,8.1,24,35,2020,232
2010,FORD,EDGE AWD,SUV,3.5,6,A6,X,12.5,8.8,23,32,2160,248
2010,FORD,ESCAPE,SUV,2.5,4,A6,X,10.0,7.1,28,40,1740,200
2010,FORD,ESCAPE,SUV,2.5,4,M5,X,9.2,7.2,31,39,1660,191
2010,FORD,ESCAPE 4X4,SUV,2.5,4,A6,X,10.4,7.6,27,37,1820,209
2010,FORD,ESCAPE 4X4 FFV,SUV,3.0,6,A6,X,11.6,8.8,24,32,2060,237
2010,FORD,ESCAPE 4X4 FFV,SUV,3.0,6,A6,E,16.3,11.9,17,24,2860,229
2010,FORD,ESCAPE FFV,SUV,3.0,6,A6,X,10.9,8.0,26,35,1920,221
2010,FORD,ESCAPE FFV,SUV,3.0,6,A6,E,15.0,10.7,19,26,2620,210
2010,FORD,ESCAPE HYBRID,SUV,2.5,4,AV,X,5.8,6.5,49,43,1220,140
2010,FORD,ESCAPE HYBRID 4X4,SUV,2.5,4,AV,X,6.6,7.3,43,39,1380,159
2010,FORD,EXPEDITION 4X4 FFV,SUV,5.4,8,A6,X,17.3,11.6,16,24,2940,338
2010,FORD,EXPEDITION 4X4 FFV,SUV,5.4,8,A6,E,23.1,15.7,12,18,3960,317
2010,FORD,EXPLORER 4X4,SUV,4.0,6,A5,X,16.2,10.9,17,26,2760,317
2010,FORD,EXPLORER 4X4,SUV,4.6,8,A6,X,15.2,10.3,19,27,2600,299
2010,FORD,EXPLORER SPORT TRAC 4X4,PICKUP TRUCK - STANDARD,4.0,6,A5,X,16.2,10.9,17,26,2760,317
2010,FORD,EXPLORER SPORT TRAC 4X4,PICKUP TRUCK - STANDARD,4.6,8,A6,X,15.2,10.3,19,27,2600,299
2010,FORD,F150,PICKUP TRUCK - STANDARD,4.6,8,A4,X,14.4,10.4,20,27,2520,290
2010,FORD,F150,PICKUP TRUCK - STANDARD,4.6,8,A6,X,14.3,9.7,20,29,2440,281
2010,FORD,F150 4X4,PICKUP TRUCK - STANDARD,4.6,8,A6,X,14.9,10.2,19,28,2560,294
2010,FORD,F150 FFV,PICKUP TRUCK - STANDARD,5.4,8,A6,X,14.9,10.2,19,28,2560,294
2010,FORD,F150 FFV,PICKUP TRUCK - STANDARD,5.4,8,A6,E,20.7,14.2,14,20,3560,285
2010,FORD,F150 FFV 4X4,PICKUP TRUCK - STANDARD,5.4,8,A6,X,15.9,11.3,18,25,2760,317
2010,FORD,F150 FFV 4X4,PICKUP TRUCK - STANDARD,5.4,8,A6,E,21.9,15.6,13,18,3800,304
2010,FORD,FLEX,SUV,3.5,6,A6,X,11.8,8.1,24,35,2020,232
2010,FORD,FLEX AWD,SUV,3.5,6,A6,X,13.5,9.1,21,31,2300,264
2010,FORD,FLEX AWD,SUV,3.5,6,AS6,X,13.1,9.1,22,31,2260,260
2010,FORD,FOCUS,COMPACT,2.0,4,A4,X,8.4,5.8,34,49,1440,166
2010,FORD,FOCUS,COMPACT,2.0,4,M5,X,8.5,5.6,33,50,1440,166
2010,FORD,FUSION,MID-SIZE,2.5,4,A6,X,9.4,6.4,30,44,1620,186
2010,FORD,FUSION,MID-SIZE,2.5,4,M6,X,9.4,6.9,30,41,1660,191
2010,FORD,FUSION,MID-SIZE,3.0,6,AS6,X,11.1,7.3,25,39,1880,216
2010,FORD,FUSION,MID-SIZE,3.0,6,AS6,E,15.6,10.1,18,28,2620,210
2010,FORD,FUSION AWD,MID-SIZE,3.0,6,AS6,X,11.8,7.8,24,36,2000,230
2010,FORD,FUSION AWD,MID-SIZE,3.0,6,AS6,E,16.2,10.7,17,26,2760,221
2010,FORD,FUSION AWD,MID-SIZE,3.5,6,AS6,X,12.7,8.3,22,34,2140,246
2010,FORD,FUSION HYBRID,MID-SIZE,2.5,4,AV,X,4.6,5.4,61,52,1000,115
2010,FORD,FUSION S,MID-SIZE,2.5,4,A6,X,8.9,5.8,32,49,1500,172
2010,FORD,FUSION S,MID-SIZE,2.5,4,M6,X,9.5,6.3,30,45,1600,184
2010,FORD,MUSTANG,COMPACT,4.0,6,A5,X,12.9,8.5,22,33,2180,251
2010,FORD,MUSTANG,COMPACT,4.0,6,M5,X,11.7,7.6,24,37,1980,228
2010,FORD,MUSTANG,COMPACT,4.6,8,A5,X,12.3,8.7,23,32,2140,246
2010,FORD,MUSTANG,COMPACT,4.6,8,M5,X,13.0,8.4,22,34,2180,251
2010,FORD,MUSTANG,COMPACT,5.4,8,M6,Z,14.8,9.1,19,31,2440,281
2010,FORD,RANGER,PICKUP TRUCK - SMALL,2.3,4,A5,X,11.1,8.4,25,34,1980,228
2010,FORD,RANGER,PICKUP TRUCK - SMALL,2.3,4,M5,X,9.5,7.3,30,39,1700,196
2010,FORD,RANGER,PICKUP TRUCK - SMALL,4.0,6,A5,X,13.4,9.7,21,29,2340,269
2010,FORD,RANGER,PICKUP TRUCK - SMALL,4.0,6,M5,X,14.0,9.7,20,29,2400,276
2010,FORD,RANGER 4X4,PICKUP TRUCK - SMALL,4.0,6,A5,X,15.1,11.2,19,25,2680,308
2010,FORD,RANGER 4X4,PICKUP TRUCK - SMALL,4.0,6,M5,X,14.0,10.6,20,27,2480,285
2010,FORD,TAURUS,FULL-SIZE,3.5,6,A6,X,11.6,7.2,24,39,1920,221
2010,FORD,TAURUS,FULL-SIZE,3.5,6,AS6,X,11.7,7.4,24,38,1940,223
2010,FORD,TAURUS AWD,FULL-SIZE,3.5,6,AS6,X,12.3,7.9,23,36,2060,237
2010,FORD,TAURUS AWD,FULL-SIZE,3.5,6,AS6,X,12.3,8.0,23,35,2080,239
2010,FORD,TRANSIT CONNECT,VAN - CARGO,2.0,4,A4,X,9.5,7.9,30,36,1760,202
2010,GMC,ACADIA,SUV,3.6,6,A6,X,12.7,8.4,22,34,2160,248
2010,GMC,ACADIA AWD,SUV,3.6,6,A6,X,13.1,8.8,22,32,2220,255
2010,GMC,CANYON,PICKUP TRUCK - SMALL,2.9,4,A4,X,11.4,8.1,25,35,2000,230
2010,GMC,CANYON,PICKUP TRUCK - SMALL,2.9,4,M5,X,11.3,7.8,25,36,1960,225
2010,GMC,CANYON,PICKUP TRUCK - SMALL,3.7,5,A4,X,12.5,8.7,23,32,2160,248
2010,GMC,CANYON,PICKUP TRUCK - SMALL,5.3,8,A4,X,14.4,9.9,20,29,2480,285
2010,GMC,CANYON 4WD,PICKUP TRUCK - SMALL,2.9,4,A4,X,12.0,8.5,24,33,2100,242
2010,GMC,CANYON 4WD,PICKUP TRUCK - SMALL,2.9,4,M5,X,11.7,8.1,24,35,2020,232
2010,GMC,CANYON 4WD,PICKUP TRUCK - SMALL,3.7,5,A4,X,12.9,9.0,22,31,2220,255
2010,GMC,CANYON 4WD,PICKUP TRUCK - SMALL,5.3,8,A4,X,15.3,10.4,18,27,2620,301
2010,GMC,CANYON CHASSIS CAB,PICKUP TRUCK - SMALL,3.7,5,A4,X,13.9,10.2,20,28,2460,283
2010,GMC,CANYON CHASSIS CAB 4WD,PICKUP TRUCK - SMALL,3.7,5,A4,X,13.3,9.3,21,30,2300,264
2010,GMC,CANYON CREW CAB,PICKUP TRUCK - SMALL,2.9,4,A4,X,11.5,8.1,25,35,2000,230
2010,GMC,CANYON CREW CAB,PICKUP TRUCK - SMALL,2.9,4,M5,X,11.4,7.8,25,36,1960,225
2010,GMC,CANYON CREW CAB,PICKUP TRUCK - SMALL,3.7,5,A4,X,12.6,8.8,22,32,2180,251
2010,GMC,CANYON CREW CAB,PICKUP TRUCK - SMALL,5.3,8,A4,X,14.4,9.9,20,29,2480,285
2010,GMC,CANYON CREW CAB 4WD,PICKUP TRUCK - SMALL,3.7,5,A4,X,13.3,9.3,21,30,2300,264
2010,GMC,CANYON CREW CAB 4WD,PICKUP TRUCK - SMALL,5.3,8,A4,X,15.3,10.4,18,27,2620,301
2010,GMC,SAVANA CARGO,VAN - CARGO,4.3,6,A4,X,14.1,10.0,20,28,2460,283
2010,GMC,SAVANA CARGO,VAN - CARGO,5.3,8,A4,X,16.2,11.4,17,25,2820,324
2010,GMC,SAVANA CARGO,VAN - CARGO,5.3,8,A4,E,21.4,15.2,13,19,3720,298
2010,GMC,SAVANA CARGO AWD,VAN - CARGO,5.3,8,A4,X,16.5,12.0,17,24,2900,334
2010,GMC,SAVANA CARGO AWD,VAN - CARGO,5.3,8,A4,E,21.4,15.8,13,18,3780,302
2010,GMC,SAVANA CARGO CONV,VAN - CARGO,5.3,8,A4,X,16.8,11.9,17,24,2920,336
2010,GMC,SAVANA CARGO CONV,VAN - CARGO,5.3,8,A4,E,21.8,15.9,13,18,3820,306
2010,GMC,SAVANA CARGO CONV AWD,VAN - CARGO,5.3,8,A4,X,16.5,12.1,17,23,2900,334
2010,GMC,SAVANA CARGO CONV AWD,VAN - CARGO,5.3,8,A4,E,23.1,16.6,12,17,4040,323
2010,GMC,SAVANA PASSENGER,VAN - PASSENGER,5.3,8,A4,X,16.8,11.9,17,24,2920,336
2010,GMC,SAVANA PASSENGER,VAN - PASSENGER,5.3,8,A4,E,21.8,15.9,13,18,3820,306
2010,GMC,SAVANA PASSENGER AWD,VAN - PASSENGER,5.3,8,A4,X,16.5,12.1,17,23,2900,334
2010,GMC,SAVANA PASSENGER AWD,VAN - PASSENGER,5.3,8,A4,E,23.1,16.6,12,17,4040,323
2010,GMC,SIERRA,PICKUP TRUCK - STANDARD,4.3,6,A4,X,14.1,10.0,20,28,2460,283
2010,GMC,SIERRA,PICKUP TRUCK - STANDARD,4.8,8,A4,X,15.3,10.5,18,27,2620,301
2010,GMC,SIERRA,PICKUP TRUCK - STANDARD,4.8,8,A4,E,20.2,14.3,14,20,3500,280
2010,GMC,SIERRA,PICKUP TRUCK - STANDARD,5.3,8,A6,X,14.2,9.4,20,30,2400,276
2010,GMC,SIERRA,PICKUP TRUCK - STANDARD,5.3,8,A6,E,19.3,12.6,15,22,3260,261
2010,GMC,SIERRA,PICKUP TRUCK - STANDARD,6.2,8,A6,Z,17.0,10.6,17,27,2820,324
2010,GMC,SIERRA,PICKUP TRUCK - STANDARD,6.2,8,A6,E,22.0,14.5,13,19,3720,298
2010,GMC,SIERRA 4WD,PICKUP TRUCK - STANDARD,4.3,6,A4,X,14.9,11.3,19,25,2660,306
2010,GMC,SIERRA 4WD,PICKUP TRUCK - STANDARD,4.8,8,A4,X,15.9,11.4,18,25,2780,320
2010,GMC,SIERRA 4WD,PICKUP TRUCK - STANDARD,4.8,8,A4,E,21.1,15.3,13,18,3700,296
2010,GMC,SIERRA 4WD,PICKUP TRUCK - STANDARD,5.3,8,A6,X,14.4,9.5,20,30,2440,281
2010,GMC,SIERRA 4WD,PICKUP TRUCK - STANDARD,5.3,8,A6,E,19.5,12.6,14,22,3280,262
2010,GMC,SIERRA 4WD,PICKUP TRUCK - STANDARD,6.2,8,A6,Z,17.5,10.7,16,26,2900,334
2010,GMC,SIERRA 4WD,PICKUP TRUCK - STANDARD,6.2,8,A6,E,22.7,14.9,12,19,3820,306
2010,GMC,SIERRA DENALI AWD,PICKUP TRUCK - STANDARD,6.2,8,A6,Z,17.8,10.7,16,26,2920,336
2010,GMC,SIERRA DENALI AWD,PICKUP TRUCK - STANDARD,6.2,8,A6,E,22.9,15.0,12,19,3860,309
2010,GMC,SIERRA HYBRID,PICKUP TRUCK - STANDARD,6.0,8,AV,X,9.7,9.1,29,31,1880,216
2010,GMC,SIERRA HYBRID 4WD,PICKUP TRUCK - STANDARD,6.0,8,AV,X,9.8,9.1,29,31,1900,218
2010,GMC,SIERRA XFE,PICKUP TRUCK - STANDARD,5.3,8,A6,X,13.7,9.1,21,31,2320,267
2010,GMC,SIERRA XFE,PICKUP TRUCK - STANDARD,5.3,8,A6,E,18.8,12.3,15,23,3180,254
2010,GMC,TERRAIN,SUV,2.4,4,A6,X,9.2,6.1,31,46,1560,179
2010,GMC,TERRAIN,SUV,3.0,6,A6,X,12.4,8.0,23,35,2080,239
2010,GMC,TERRAIN AWD,SUV,2.4,4,A6,X,10.1,6.9,28,41,1740,200
2010,GMC,TERRAIN AWD,SUV,3.0,6,A6,X,12.3,8.4,23,34,2100,242
2010,GMC,YUKON,SUV,5.3,8,A6,X,14.4,9.6,20,29,2440,281
2010,GMC,YUKON,SUV,5.3,8,A6,E,19.6,12.6,14,22,3300,264
2010,GMC,YUKON 4WD,SUV,5.3,8,A6,X,14.4,9.5,20,30,2440,281
2010,GMC,YUKON 4WD,SUV,5.3,8,A6,E,19.5,12.6,14,22,3280,262
2010,GMC,YUKON DENALI AWD,SUV,6.2,8,A6,Z,15.3,10.1,18,28,2600,299
2010,GMC,YUKON DENALI AWD,SUV,6.2,8,A6,E,21.2,13.3,13,21,3540,283
2010,GMC,YUKON HYBRID,SUV,6.0,8,AV,X,9.7,9.1,29,31,1880,216
2010,GMC,YUKON HYBRID 4WD,SUV,6.0,8,AV,X,9.8,9.1,29,31,1900,218
2010,GMC,YUKON XL,SUV,5.3,8,A6,X,14.4,9.6,20,29,2440,281
2010,GMC,YUKON XL,SUV,5.3,8,A6,E,19.6,12.6,14,22,3300,264
2010,GMC,YUKON XL,SUV,6.2,8,A6,Z,17.5,10.6,16,27,2880,331
2010,GMC,YUKON XL,SUV,6.2,8,A6,E,22.5,14.6,13,19,3780,302
2010,HONDA,ACCORD 2DR COUPE,COMPACT,2.4,4,A5,X,9.5,6.4,30,44,1620,186
2010,HONDA,ACCORD 2DR COUPE,COMPACT,2.4,4,M5,X,9.4,6.4,30,44,1600,184
2010,HONDA,ACCORD 2DR COUPE,COMPACT,3.5,6,A5,X,11.0,6.9,26,41,1840,212
2010,HONDA,ACCORD 2DR COUPE,COMPACT,3.5,6,M6,X,12.2,7.8,23,36,2040,235
2010,HONDA,ACCORD 4DR SEDAN,FULL-SIZE,2.4,4,A5,X,9.6,6.4,29,44,1620,186
2010,HONDA,ACCORD 4DR SEDAN,FULL-SIZE,2.4,4,M5,X,9.4,6.5,30,43,1620,186
2010,HONDA,ACCORD 4DR SEDAN,FULL-SIZE,3.5,6,A5,X,11.0,6.7,26,42,1820,209
2010,HONDA,ACCORD CROSSTOUR,SUV,3.5,6,A5,X,11.5,7.2,25,39,1920,221
2010,HONDA,ACCORD CROSSTOUR AWD,SUV,3.5,6,A5,X,12.3,8.0,23,35,2080,239
2010,HONDA,CIVIC,SUBCOMPACT,1.8,4,A5,X,8.2,5.7,34,50,1420,163
2010,HONDA,CIVIC,SUBCOMPACT,1.8,4,M5,X,7.4,5.4,38,52,1300,150
2010,HONDA,CIVIC,SUBCOMPACT,2.0,4,M6,Z,10.2,6.8,28,42,1740,200
2010,HONDA,CIVIC HYBRID,COMPACT,1.3,4,AV,X,4.7,4.3,60,66,900,104
2010,HONDA,CR-V,SUV,2.4,4,A5,X,9.8,7.1,29,40,1700,196
2010,HONDA,CR-V AWD,SUV,2.4,4,A5,X,10.1,7.5,28,38,1800,207
2010,HONDA,ELEMENT,SUV,2.4,4,A5,X,10.5,8.1,27,35,1880,216
2010,HONDA,ELEMENT AWD,SUV,2.4,4,A5,X,11.0,8.3,26,34,1960,225
2010,HONDA,FIT,STATION WAGON - SMALL,1.5,4,A5,X,7.1,5.5,40,51,1280,147
2010,HONDA,FIT,STATION WAGON - SMALL,1.5,4,M5,X,7.2,5.7,39,50,1300,150
2010,HONDA,INSIGHT,COMPACT,1.3,4,AV,X,4.8,4.5,59,63,940,108
2010,HONDA,INSIGHT EX,COMPACT,1.3,4,AV,X,5.0,4.6,56,61,960,110
2010,HONDA,ODYSSEY,MINIVAN,3.5,6,A5,X,13.3,8.5,21,33,2220,255
2010,HONDA,ODYSSEY EX-L/TOURING,MINIVAN,3.5,6,A5,X,12.3,7.8,23,36,2060,237
2010,HONDA,PILOT,SUV,3.5,6,A5,X,12.7,8.7,22,32,2180,251
2010,HONDA,PILOT AWD,SUV,3.5,6,A5,X,13.1,9.1,22,31,2260,260
2010,HONDA,RIDGELINE AWD,PICKUP TRUCK - STANDARD,3.5,6,A5,X,14.1,9.8,20,29,2420,278
2010,HUMMER,H3 4WD,SUV,3.7,5,A4,X,14.7,11.0,19,26,2600,299
2010,HUMMER,H3 4WD,SUV,3.7,5,M5,X,15.0,10.9,19,26,2640,304
2010,HUMMER,H3 4WD,SUV,5.3,8,A4,X,16.5,12.4,17,23,2940,338
2010,HUMMER,H3 4WD,SUV,5.3,8,A4,E,24.2,17.1,12,17,4200,336
2010,HUMMER,H3T 4WD,PICKUP TRUCK - STANDARD,3.7,5,A4,X,14.7,11.0,19,26,2600,299
2010,HUMMER,H3T 4WD,PICKUP TRUCK - STANDARD,3.7,5,M5,X,15.0,10.9,19,26,2640,304
2010,HUMMER,H3T 4WD,PICKUP TRUCK - STANDARD,5.3,8,A4,X,16.5,12.4,17,23,2940,338
2010,HUMMER,H3T 4WD,PICKUP TRUCK - STANDARD,5.3,8,A4,E,24.2,17.1,12,17,4200,336
2010,HYUNDAI,ACCENT,COMPACT,1.6,4,A4,X,7.6,5.5,37,51,1340,154
2010,HYUNDAI,ACCENT,COMPACT,1.6,4,M5,X,7.2,5.7,39,50,1300,150
2010,HYUNDAI,ELANTRA,MID-SIZE,2.0,4,A4,X,7.8,5.8,36,49,1380,159
2010,HYUNDAI,ELANTRA,MID-SIZE,2.0,4,M5,X,8.1,5.7,35,50,1400,161
2010,HYUNDAI,ELANTRA BLUE,MID-SIZE,2.0,4,M5,X,7.8,5.6,36,50,1360,156
2010,HYUNDAI,ELANTRA TOURING,STATION WAGON - SMALL,2.0,4,A4,X,8.7,6.5,32,43,1540,177
2010,HYUNDAI,ELANTRA TOURING,STATION WAGON - SMALL,2.0,4,M5,X,8.9,6.4,32,44,1560,179
2010,HYUNDAI,GENESIS,FULL-SIZE,3.8,6,AS6,X,11.4,7.2,25,39,1900,218
2010,HYUNDAI,GENESIS,FULL-SIZE,4.6,8,AS6,Z,12.6,8.1,22,35,2120,244
2010,HYUNDAI,GENESIS COUPE,SUBCOMPACT,2.0,4,AS5,X,10.4,6.6,27,43,1740,200
2010,HYUNDAI,GENESIS COUPE,SUBCOMPACT,2.0,4,M6,X,10.1,6.6,28,43,1700,196
2010,HYUNDAI,GENESIS COUPE,SUBCOMPACT,3.8,6,AS6,X,11.9,7.3,24,39,1960,225
2010,HYUNDAI,GENESIS COUPE,SUBCOMPACT,3.8,6,M6,X,12.0,7.6,24,37,2000,230
2010,HYUNDAI,SANTA FE,SUV,2.4,4,AS6,X,10.2,7.2,28,39,1780,205
2010,HYUNDAI,SANTA FE,SUV,2.4,4,M6,X,10.7,7.5,26,38,1860,214
2010,HYUNDAI,SANTA FE,SUV,3.5,6,AS6,X,10.1,7.6,28,37,1800,207
2010,HYUNDAI,SANTA FE 4WD,SUV,3.5,6,AS6,X,10.5,7.7,27,37,1840,212
2010,HYUNDAI,SONATA,FULL-SIZE,2.4,4,AS5,X,9.5,6.2,30,46,1600,184
2010,HYUNDAI,SONATA,FULL-SIZE,2.4,4,M5,X,9.7,6.2,29,46,1620,186
2010,HYUNDAI,SONATA,FULL-SIZE,3.3,6,AS5,X,10.8,6.9,26,41,1800,207
2010,HYUNDAI,TUCSON,SUV,2.4,4,AS6,X,9.0,6.3,31,45,1560,179
2010,HYUNDAI,TUCSON,SUV,2.4,4,M6,X,9.6,6.7,29,42,1660,191
2010,HYUNDAI,TUCSON 4WD,SUV,2.4,4,AS6,X,9.8,7.1,29,40,1720,198
2010,HYUNDAI,VERACRUZ,SUV,3.8,6,AS6,X,12.7,8.5,22,33,2160,248
2010,HYUNDAI,VERACRUZ 4WD,SUV,3.8,6,AS6,X,13.2,8.9,21,32,2260,260
2010,INFINITI,EX35 AWD,STATION WAGON - SMALL,3.5,6,AS5,Z,12.9,8.6,22,33,2200,253
2010,INFINITI,FX35 AWD,SUV,3.5,6,AS7,Z,13.3,9.3,21,30,2300,264
2010,INFINITI,FX50 AWD,SUV,5.0,8,AS7,Z,14.7,10.2,19,28,2540,292
2010,INFINITI,G37,MID-SIZE,3.7,6,AS7,Z,11.2,7.5,25,38,1920,221
2010,INFINITI,G37,MID-SIZE,3.7,6,M6,Z,12.4,7.9,23,36,2080,239
2010,INFINITI,G37 CONVERTIBLE,SUBCOMPACT,3.7,6,AS7,Z,11.9,7.8,24,36,2020,232
2010,INFINITI,G37 CONVERTIBLE,SUBCOMPACT,3.7,6,M6,Z,12.9,8.4,22,34,2180,251
2010,INFINITI,G37 COUPE,SUBCOMPACT,3.7,6,AS7,Z,11.2,7.5,25,38,1920,221
2010,INFINITI,G37 COUPE,SUBCOMPACT,3.7,6,M6,Z,12.4,7.9,23,36,2080,239
2010,INFINITI,G37X,MID-SIZE,3.7,6,AS7,Z,11.7,7.8,24,36,2000,230
2010,INFINITI,G37X COUPE,SUBCOMPACT,3.7,6,AS7,Z,11.7,7.8,24,36,2000,230
2010,INFINITI,M35,FULL-SIZE,3.5,6,AS7,Z,12.6,8.1,22,35,2120,244
2010,INFINITI,M35X,FULL-SIZE,3.5,6,AS5,Z,13.3,9.1,21,31,2280,262
2010,INFINITI,M45,FULL-SIZE,4.5,8,AS5,Z,13.5,9.4,21,30,2340,269
2010,INFINITI,M45X,FULL-SIZE,4.5,8,AS5,Z,15.1,10.2,19,28,2580,297
2010,INFINITI,QX56 4WD,SUV,5.6,8,A5,Z,17.3,11.8,16,24,2960,340
2010,JAGUAR,XF 4.2,MID-SIZE,4.2,8,A6,Z,13.3,8.0,21,35,2180,251
2010,JAGUAR,XF 5.0,MID-SIZE,5.0,8,A6,Z,13.1,8.2,22,34,2200,253
2010,JAGUAR,XF 5.0 SUPERCHARGED,MID-SIZE,5.0,8,A6,Z,14.1,9.3,20,30,2380,274
2010,JAGUAR,XK 5.0 CONVERTIBLE,TWO-SEATER,5.0,8,A6,Z,13.5,9.0,21,31,2300,264
2010,JAGUAR,XK 5.0 COUPE,MINICOMPACT,5.0,8,A6,Z,13.3,8.4,21,34,2220,255
2010,JAGUAR,XK-R 5.0 CONVERTIBLE,TWO-SEATER,5.0,8,A6,Z,14.1,9.1,20,31,2300,264
2010,JAGUAR,XK-R 5.0 COUPE,MINICOMPACT,5.0,8,A6,Z,14.1,9.1,20,31,2300,264
2010,JEEP,COMMANDER 4X4,SUV,3.7,6,A5,X,14.6,10.6,19,27,2560,294
2010,JEEP,COMMANDER 4X4 (MDS),SUV,5.7,8,A5,X,15.7,10.6,18,27,2680,308
2010,JEEP,COMPASS 4X2,SUV,2.0,4,AV,X,9.0,7.3,31,39,1660,191
2010,JEEP,COMPASS 4X2,SUV,2.0,4,M5,X,8.9,6.9,32,41,1600,184
2010,JEEP,COMPASS 4X2,SUV,2.4,4,AV,X,9.7,8.0,29,35,1780,205
2010,JEEP,COMPASS 4X2,SUV,2.4,4,M5,X,8.9,7.1,32,40,1620,186
2010,JEEP,COMPASS 4X4,SUV,2.4,4,AV,X,9.9,8.2,29,34,1840,212
2010,JEEP,COMPASS 4X4,SUV,2.4,4,M5,X,9.1,7.2,31,39,1640,189
2010,JEEP,GRAND CHEROKEE 4X4,SUV,3.7,6,A5,X,13.9,10.1,20,28,2440,281
2010,JEEP,GRAND CHEROKEE 4X4 (MDS),SUV,5.7,8,A5,X,15.5,10.6,18,27,2660,306
2010,JEEP,GRAND CHEROKEE 4X4 SRT8,SUV,6.1,8,A5,Z,18.4,13.2,15,21,3220,370
2010,JEEP,LIBERTY 4X4,SUV,3.7,6,A4,X,14.0,9.7,20,29,2420,278
2010,JEEP,PATRIOT 4X2,SUV,2.0,4,AV,X,9.0,7.3,31,39,1660,191
2010,JEEP,PATRIOT 4X2,SUV,2.0,4,M5,X,8.9,6.9,32,41,1600,184
2010,JEEP,PATRIOT 4X2,SUV,2.4,4,AV,X,9.7,8.0,29,35,1780,205
2010,JEEP,PATRIOT 4X2,SUV,2.4,4,M5,X,8.9,7.1,32,40,1620,186
2010,JEEP,PATRIOT 4X4,SUV,2.4,4,AV,X,9.9,8.2,29,34,1840,212
2010,JEEP,PATRIOT 4X4,SUV,2.4,4,M5,X,9.1,7.2,31,39,1640,189
2010,JEEP,WRANGLER 4X4,SUV,3.8,6,A4,X,14.4,10.5,20,27,2540,292
2010,JEEP,WRANGLER 4X4,SUV,3.8,6,M6,X,13.9,10.6,20,27,2480,285
2010,KIA,BORREGO,SUV,3.8,6,AS5,X,12.7,9.4,22,30,2240,258
2010,KIA,BORREGO,SUV,4.6,8,AS6,X,13.8,9.3,20,30,2360,271
2010,KIA,BORREGO 4WD,SUV,3.8,6,AS5,X,13.0,9.4,22,30,2280,262
2010,KIA,BORREGO 4WD,SUV,4.6,8,AS6,X,14.4,9.7,20,29,2460,283
2010,KIA,FORTE,COMPACT,2.0,4,AS4,X,8.1,5.8,35,49,1420,163
2010,KIA,FORTE,COMPACT,2.0,4,M5,X,8.3,5.8,34,49,1440,166
2010,KIA,FORTE,COMPACT,2.4,4,AS5,X,9.0,6.3,31,45,1560,179
2010,KIA,FORTE,COMPACT,2.4,4,M6,X,9.3,6.2,30,46,1580,182
2010,KIA,MAGENTIS,MID-SIZE,2.4,4,AS5,X,9.4,6.2,30,46,1600,184
2010,KIA,MAGENTIS,MID-SIZE,2.4,4,M5,X,9.4,6.2,30,46,1600,184
2010,KIA,MAGENTIS,MID-SIZE,2.7,6,AS5,X,10.5,7.0,27,40,1780,205
2010,KIA,RIO,COMPACT,1.6,4,A4,X,7.5,5.6,38,50,1320,152
2010,KIA,RIO,COMPACT,1.6,4,M5,X,7.1,5.8,40,49,1300,150
2010,KIA,RONDO,STATION WAGON - MID-SIZE,2.4,4,A4,X,10.6,7.5,27,38,1840,212
2010,KIA,RONDO,STATION WAGON - MID-SIZE,2.7,6,A5,X,11.5,7.7,25,37,1960,225
2010,KIA,SEDONA,MINIVAN,3.8,6,AS5,X,12.6,8.5,22,33,2160,248
2010,KIA,SOUL,STATION WAGON - SMALL,1.6,4,A4,X,7.9,6.4,36,44,1440,166
2010,KIA,SOUL,STATION WAGON - SMALL,1.6,4,M5,X,7.7,6.3,37,45,1420,163
2010,KIA,SOUL,STATION WAGON - SMALL,2.0,4,A4,X,8.5,6.6,33,43,1520,175
2010,KIA,SOUL,STATION WAGON - SMALL,2.0,4,M5,X,8.6,6.5,33,43,1540,177
2010,KIA,SPORTAGE,SUV,2.0,4,AS4,X,10.2,8.0,28,35,1840,212
2010,KIA,SPORTAGE,SUV,2.0,4,M5,X,10.3,7.8,27,36,1840,212
2010,KIA,SPORTAGE,SUV,2.7,6,AS4,X,11.3,8.5,25,33,2000,230
2010,KIA,SPORTAGE 4WD,SUV,2.0,4,M5,X,10.8,8.3,26,34,1940,223
2010,KIA,SPORTAGE 4WD,SUV,2.7,6,AS4,X,11.7,8.8,24,32,2080,239
2010,LAMBORGHINI,GALLARDO,TWO-SEATER,5.2,10,AS6,Z,16.2,10.9,17,26,2760,317
2010,LAMBORGHINI,GALLARDO,TWO-SEATER,5.2,10,M6,Z,18.7,11.5,15,25,3100,356
2010,LAMBORGHINI,GALLARDO SPYDER,TWO-SEATER,5.2,10,AS6,Z,16.3,10.9,17,26,2780,320
2010,LAMBORGHINI,GALLARDO SPYDER,TWO-SEATER,5.2,10,M6,Z,20.1,12.2,14,23,3320,382
2010,LAMBORGHINI,MURCIELAGO,TWO-SEATER,6.5,12,AS6,Z,24.0,13.9,12,20,3880,446
2010,LAMBORGHINI,MURCIELAGO,TWO-SEATER,6.5,12,M6,Z,25.9,15.8,11,18,4260,490
2010,LAMBORGHINI,MURCIELAGO ROADSTER,TWO-SEATER,6.5,12,AS6,Z,24.0,13.9,12,20,3880,446
2010,LAMBORGHINI,MURCIELAGO ROADSTER,TWO-SEATER,6.5,12,M6,Z,25.9,15.8,11,18,4260,490
2010,LAND ROVER,LR2,SUV,3.2,6,A6,X,14.1,9.1,20,31,2360,271
2010,LAND ROVER,LR4 V8,SUV,5.0,8,A6,Z,17.1,11.6,17,24,2920,336
2010,LAND ROVER,RANGE ROVER,SUV,5.0,8,A6,Z,17.5,11.6,16,24,2960,340
2010,LAND ROVER,RANGE ROVER SPORT SC,SUV,5.0,8,A6,Z,18.4,11.2,15,25,3040,350
2010,LAND ROVER,RANGE ROVER SUPERCHARGED,SUV,5.0,8,A6,Z,18.1,11.7,16,24,3060,352
2010,LEXUS,ES 350,MID-SIZE,3.5,6,AS6,Z,10.9,7.2,26,39,1860,214
2010,LEXUS,GS 350,MID-SIZE,3.5,6,AS6,Z,10.9,7.4,26,38,1860,214
2010,LEXUS,GS 350 AWD,MID-SIZE,3.5,6,AS6,Z,11.6,8.0,24,35,2000,230
2010,LEXUS,GS 450h,COMPACT,3.5,6,AS6,Z,8.7,7.8,32,36,1640,189
2010,LEXUS,GS 460,MID-SIZE,4.6,8,AS8,Z,12.4,8.1,23,35,2100,242
2010,LEXUS,GX 460,SUV,4.6,8,AS6,Z,14.1,9.8,20,29,2420,278
2010,LEXUS,HS 250h,COMPACT,2.4,4,AV,X,5.6,5.9,50,48,1140,131
2010,LEXUS,IS 250,SUBCOMPACT,2.5,6,AS6,Z,9.8,6.7,29,42,1680,193
2010,LEXUS,IS 250,SUBCOMPACT,2.5,6,M6,Z,11.6,7.6,24,37,1960,225
2010,LEXUS,IS 250 AWD,SUBCOMPACT,2.5,6,AS6,Z,10.5,7.6,27,37,1840,212
2010,LEXUS,IS 250C,SUBCOMPACT,2.5,6,AS6,Z,9.8,6.7,29,42,1680,193
2010,LEXUS,IS 250C,SUBCOMPACT,2.5,6,M6,Z,11.6,7.6,24,37,1960,225
2010,LEXUS,IS 350,SUBCOMPACT,3.5,6,AS6,Z,11.5,7.9,25,36,1980,228
2010,LEXUS,IS 350C,SUBCOMPACT,3.5,6,AS6,Z,11.5,7.9,25,36,1980,228
2010,LEXUS,IS F,SUBCOMPACT,5.0,8,AS8,Z,13.0,8.5,22,33,2200,253
2010,LEXUS,LS 460,MID-SIZE,4.6,8,AS8,Z,12.9,8.2,22,34,2160,248
2010,LEXUS,LS 460 AWD,MID-SIZE,4.6,8,AS8,Z,13.5,8.7,21,32,2260,260
2010,LEXUS,LS 460 L,MID-SIZE,4.6,8,AS8,Z,12.9,8.2,22,34,2160,248
2010,LEXUS,LS 460 L AWD,MID-SIZE,4.6,8,AS8,Z,13.5,8.7,21,32,2260,260
2010,LEXUS,LS 600h L,MID-SIZE,5.0,8,AS8,Z,10.6,9.1,27,31,1980,228
2010,LEXUS,LX 570,SUV,5.7,8,AS6,Z,17.0,11.4,17,25,2900,334
2010,LEXUS,RX 350,SUV,3.5,6,AS6,Z,11.5,8.0,25,35,1980,228
2010,LEXUS,RX 350 AWD,SUV,3.5,6,AS6,Z,11.6,8.2,24,34,2020,232
2010,LEXUS,RX 450h,SUV,3.5,6,AS6,Z,6.3,7.1,45,40,1340,154
2010,LEXUS,RX 450h AWD,SUV,3.5,6,AS6,Z,6.6,7.2,43,39,1360,156
2010,LEXUS,SC 430,MINICOMPACT,4.3,8,AS6,Z,12.9,8.8,22,32,2200,253
2010,LINCOLN,GRAND MARQUIS,FULL-SIZE,4.6,8,A4,X,13.4,8.7,21,32,2260,260
2010,LINCOLN,GRAND MARQUIS,FULL-SIZE,4.6,8,A4,E,18.3,11.8,15,24,3080,246
2010,LINCOLN,MKS,FULL-SIZE,3.7,6,AS6,X,12.5,8.4,23,34,2140,246
2010,LINCOLN,MKS AWD,FULL-SIZE,3.5,6,AS6,X,12.3,8.0,23,35,2080,239
2010,LINCOLN,MKS AWD,FULL-SIZE,3.7,6,AS6,X,12.8,8.8,22,32,2200,253
2010,LINCOLN,MKT AWD,SUV,3.5,6,AS6,X,13.1,9.1,22,31,2260,260
2010,LINCOLN,MKT AWD,SUV,3.7,6,AS6,X,13.0,9.2,22,31,2260,260
2010,LINCOLN,MKX AWD,SUV,3.5,6,A6,X,12.5,8.8,23,32,2160,248
2010,LINCOLN,MKZ,MID-SIZE,3.5,6,AS6,X,11.7,7.4,24,38,1940,223
2010,LINCOLN,MKZ AWD,MID-SIZE,3.5,6,AS6,X,12.7,8.3,22,34,2140,246
2010,LINCOLN,TOWN CAR,FULL-SIZE,4.6,8,A4,X,13.4,8.7,21,32,2260,260
2010,LINCOLN,TOWN CAR,FULL-SIZE,4.6,8,A4,E,18.3,11.8,15,24,3080,246
2010,MASERATI,GRANTURISMO,SUBCOMPACT,4.2,8,AS6,Z,16.8,10.3,17,27,2860,329
2010,MASERATI,GRANTURISMO,SUBCOMPACT,4.7,8,AS6,Z,17.8,10.4,16,27,3000,345
2010,MASERATI,QUATTROPORTE,FULL-SIZE,4.2,8,AS6,Z,18.1,11.5,16,25,3100,356
2010,MASERATI,QUATTROPORTE,FULL-SIZE,4.7,8,AS6,Z,18.4,10.9,15,26,3040,350
2010,MAZDA,B2300,PICKUP TRUCK - SMALL,2.3,4,A5,X,11.1,8.4,25,34,1980,228
2010,MAZDA,B2300,PICKUP TRUCK - SMALL,2.3,4,M5,X,9.5,7.3,30,39,1700,196
2010,MAZDA,B4000 4X4,PICKUP TRUCK - SMALL,4.0,6,A5,X,15.1,11.2,19,25,2680,308
2010,MAZDA,B4000 4X4,PICKUP TRUCK - SMALL,4.0,6,M5,X,14.0,10.6,20,27,2480,285
2010,MAZDA,CX-7,SUV,2.3,4,AS6,Z,11.6,8.0,24,35,2000,230
2010,MAZDA,CX-7,SUV,2.5,4,AS5,X,10.4,7.2,27,39,1800,207
2010,MAZDA,CX-7 4WD,SUV,2.3,4,AS6,Z,12.2,8.7,23,32,2120,244
2010,MAZDA,CX-9,SUV,3.7,6,AS6,X,13.4,9.1,21,31,2300,264
2010,MAZDA,CX-9 4WD,SUV,3.7,6,AS6,X,14.0,9.6,20,29,2400,276
2010,MAZDA,MAZDA3,COMPACT,2.0,4,AS5,X,8.7,6.0,32,47,1500,172
2010,MAZDA,MAZDA3,COMPACT,2.0,4,M5,X,8.1,5.9,35,48,1420,163
2010,MAZDA,MAZDA3,COMPACT,2.5,4,AS5,X,9.2,6.8,31,42,1620,186
2010,MAZDA,MAZDA3,COMPACT,2.5,4,M6,X,10.1,6.9,28,41,1720,198
2010,MAZDA,MAZDA5,MINIVAN,2.3,4,AS5,X,9.9,7.2,29,39,1740,200
2010,MAZDA,MAZDA5,MINIVAN,2.3,4,M5,X,9.6,7.0,29,40,1680,193
2010,MAZDA,MAZDA6,MID-SIZE,2.5,4,AS5,X,9.7,6.7,29,42,1660,191
2010,MAZDA,MAZDA6,MID-SIZE,2.5,4,M6,X,10.4,6.9,27,41,1760,202
2010,MAZDA,MAZDA6,MID-SIZE,3.7,6,AS6,X,12.1,8.0,23,35,2040,235
2010,MAZDA,MAZDASPEED3,MID-SIZE,2.3,4,M6,Z,11.5,8.0,25,35,1980,228
2010,MAZDA,MX-5,TWO-SEATER,2.0,4,AS6,Z,10.2,7.2,28,39,1760,202
2010,MAZDA,MX-5,TWO-SEATER,2.0,4,M5,Z,9.2,7.1,31,40,1660,191
2010,MAZDA,MX-5,TWO-SEATER,2.0,4,M6,Z,9.7,7.1,29,40,1700,196
2010,MAZDA,RX-8,SUBCOMPACT,1.3,2,AS6,Z,13.3,8.9,21,32,2260,260
2010,MAZDA,RX-8,SUBCOMPACT,1.3,2,M6,Z,12.8,9.2,22,31,2240,258
2010,MAZDA,TRIBUTE,SUV,2.5,4,A6,X,10.0,7.1,28,40,1740,200
2010,MAZDA,TRIBUTE,SUV,2.5,4,M5,X,9.2,7.2,31,39,1660,191
2010,MAZDA,TRIBUTE 4X4,SUV,2.5,4,A6,X,10.4,7.6,27,37,1820,209
2010,MAZDA,TRIBUTE 4X4 FFV,SUV,3.0,6,A6,X,11.6,8.8,24,32,2060,237
2010,MAZDA,TRIBUTE 4X4 FFV,SUV,3.0,6,A6,E,16.3,11.9,17,24,2860,229
2010,MAZDA,TRIBUTE FFV,SUV,3.0,6,A6,X,10.9,8.0,26,35,1920,221
2010,MAZDA,TRIBUTE FFV,SUV,3.0,6,A6,E,15.0,10.7,19,26,2620,210
2010,MERCEDES-BENZ,B 200,STATION WAGON - SMALL,2.0,4,AV,Z,9.2,7.2,31,39,1660,191
2010,MERCEDES-BENZ,B 200,STATION WAGON - SMALL,2.0,4,M5,Z,9.2,6.7,31,42,1620,186
2010,MERCEDES-BENZ,B 200 TURBO,STATION WAGON - SMALL,2.0,4,AV,Z,9.5,7.4,30,38,1720,198
2010,MERCEDES-BENZ,B 200 TURBO,STATION WAGON - SMALL,2.0,4,M6,Z,10.2,6.9,28,41,1740,200
2010,MERCEDES-BENZ,C 250,COMPACT,2.5,6,A7,Z,11.5,7.5,25,38,1940,223
2010,MERCEDES-BENZ,C 250,COMPACT,2.5,6,M6,Z,11.7,7.3,24,39,1940,223
2010,MERCEDES-BENZ,C 250 4MATIC,COMPACT,2.5,6,A7,Z,11.9,7.9,24,36,2020,232
2010,MERCEDES-BENZ,C 300,COMPACT,3.0,6,A7,Z,11.7,7.8,24,36,2000,230
2010,MERCEDES-BENZ,C 300,COMPACT,3.0,6,M6,Z,11.7,7.7,24,37,1980,228
2010,MERCEDES-BENZ,C 300 4MATIC,COMPACT,3.0,6,A7,Z,11.8,7.9,24,36,2020,232
2010,MERCEDES-BENZ,C 350,COMPACT,3.5,6,A7,Z,12.2,8.0,23,35,2060,237
2010,MERCEDES-BENZ,C 350 4MATIC,COMPACT,3.5,6,A7,Z,12.4,8.2,23,34,2100,242
2010,MERCEDES-BENZ,C 63 AMG,COMPACT,6.2,8,AS7,Z,17.2,10.4,16,27,2820,324
2010,MERCEDES-BENZ,CL 550 4MATIC,COMPACT,5.5,8,A7,Z,15.0,9.5,19,30,2500,288
2010,MERCEDES-BENZ,CL 600,COMPACT,5.5,12,A5,Z,18.5,11.6,15,24,3080,354
2010,MERCEDES-BENZ,CL 63 AMG,COMPACT,6.2,8,AS7,Z,18.7,11.2,15,25,3060,352
2010,MERCEDES-BENZ,CL 65 AMG,COMPACT,6.0,12,AS5,Z,19.1,11.8,15,24,3160,363
2010,MERCEDES-BENZ,CLS 550,COMPACT,5.5,8,A7,Z,15.1,9.5,19,30,2520,290
2010,MERCEDES-BENZ,CLS 63 AMG,COMPACT,6.2,8,AS7,Z,17.8,11.2,16,25,2960,340
2010,MERCEDES-BENZ,E 350 4MATIC,MID-SIZE,3.5,6,A7,Z,12.7,8.3,22,34,2140,246
2010,MERCEDES-BENZ,E 350 COUPE,SUBCOMPACT,3.5,6,A7,Z,11.9,7.6,24,37,2000,230
2010,MERCEDES-BENZ,E 550 4MATIC,MID-SIZE,5.5,8,A7,Z,13.8,8.6,20,33,2300,264
2010,MERCEDES-BENZ,E 550 COUPE,SUBCOMPACT,5.5,8,A7,Z,14.0,8.7,20,32,2320,267
2010,MERCEDES-BENZ,E 63 AMG,MID-SIZE,6.2,8,AS7,Z,16.5,10.2,17,28,2740,315
2010,MERCEDES-BENZ,G 55 AMG,SUV,5.4,8,A5,Z,19.8,13.4,14,21,3380,389
2010,MERCEDES-BENZ,G 550,SUV,5.5,8,A7,Z,18.7,13.8,15,20,3300,380
2010,MERCEDES-BENZ,GL 350 BLUETEC,SUV,3.0,6,A7,D,12.3,8.7,23,32,2140,289
2010,MERCEDES-BENZ,GL 450 4MATIC,SUV,4.7,8,A7,Z,16.5,11.6,17,24,2860,329
2010,MERCEDES-BENZ,GL 550 4MATIC,SUV,5.5,8,A7,Z,17.1,11.9,17,24,2960,340
2010,MERCEDES-BENZ,GLK 350 4MATIC,SUV,3.5,6,A7,Z,13.3,9.6,21,29,2320,267
2010,MERCEDES-BENZ,MAYBACH 57,FULL-SIZE,5.5,12,A5,Z,21.1,12.9,13,22,3480,400
2010,MERCEDES-BENZ,MAYBACH 57 ZEPPELIN,FULL-SIZE,6.0,12,A5,Z,20.7,12.8,14,22,3420,393
2010,MERCEDES-BENZ,MAYBACH 57S,FULL-SIZE,6.0,12,A5,Z,21.2,12.9,13,22,3500,402
2010,MERCEDES-BENZ,MAYBACH 62,FULL-SIZE,5.5,12,A5,Z,21.1,12.9,13,22,3480,400
2010,MERCEDES-BENZ,MAYBACH 62 ZEPPELIN,FULL-SIZE,6.0,12,A5,Z,20.7,12.8,14,22,3420,393
2010,MERCEDES-BENZ,MAYBACH 62S,FULL-SIZE,6.0,12,A5,Z,21.2,12.9,13,22,3500,402
2010,MERCEDES-BENZ,ML 350 4MATIC,SUV,3.5,6,A7,Z,14.1,10.1,20,28,2460,283
2010,MERCEDES-BENZ,ML 350 BLUETEC,SUV,3.0,6,A7,D,11.1,8.0,25,35,1940,262
2010,MERCEDES-BENZ,ML 550 4MATIC,SUV,5.5,8,A7,Z,16.1,11.4,18,25,2800,322
2010,MERCEDES-BENZ,ML 63 AMG,SUV,6.2,8,AS7,Z,20.4,14.0,14,20,3520,405
2010,MERCEDES-BENZ,R 350 4MATIC,SUV,3.5,6,A7,Z,14.8,10.7,19,26,2580,297
2010,MERCEDES-BENZ,R 350 BLUETEC,SUV,3.0,6,A7,D,11.5,8.2,25,34,2000,270
2010,MERCEDES-BENZ,S 400 HYBRID,FULL-SIZE,3.5,6,A7,Z,11.0,7.7,26,37,1900,218
2010,MERCEDES-BENZ,S 450 4MATIC,FULL-SIZE,4.7,8,A7,Z,14.2,9.0,20,31,2380,274
2010,MERCEDES-BENZ,S 550 4MATIC,FULL-SIZE,5.5,8,A7,Z,14.9,9.3,19,30,2480,285
2010,MERCEDES-BENZ,S 600,FULL-SIZE,5.5,12,A5,Z,19.1,11.6,15,24,3140,361
2010,MERCEDES-BENZ,S 63 AMG,FULL-SIZE,6.2,8,AS7,Z,18.8,11.2,15,25,3080,354
2010,MERCEDES-BENZ,S 65 AMG,FULL-SIZE,6.0,12,AS5,Z,19.4,12.0,15,24,3200,368
2010,MERCEDES-BENZ,SL 550,TWO-SEATER,5.5,8,A7,Z,15.8,9.4,18,30,2600,299
2010,MERCEDES-BENZ,SL 600,TWO-SEATER,5.5,12,A5,Z,18.5,11.4,15,25,3060,352
2010,MERCEDES-BENZ,SL 63 AMG,TWO-SEATER,6.2,8,AS7,Z,17.9,10.6,16,27,2920,336
2010,MERCEDES-BENZ,SL 65 AMG,TWO-SEATER,6.0,12,AS5,Z,18.4,11.1,15,25,3020,347
2010,MERCEDES-BENZ,SLK 300,TWO-SEATER,3.0,6,A7,Z,11.0,7.4,26,38,1880,216
2010,MERCEDES-BENZ,SLK 300,TWO-SEATER,3.0,6,M6,Z,11.5,7.3,25,39,1920,221
2010,MERCEDES-BENZ,SLK 350,TWO-SEATER,3.5,6,A7,Z,11.6,8.0,24,35,2000,230
2010,MERCEDES-BENZ,SLK 350,TWO-SEATER,3.5,6,M6,Z,12.6,8.0,22,35,2100,242
2010,MERCEDES-BENZ,SLK 55 AMG,TWO-SEATER,5.4,8,AS7,Z,14.8,9.0,19,31,2440,281
2010,MINI,COOPER,MINICOMPACT,1.6,4,A6,Z,7.9,5.7,36,50,1380,159
2010,MINI,COOPER,MINICOMPACT,1.6,4,M6,Z,7.1,5.3,40,53,1260,145
2010,MINI,COOPER CLUBMAN,SUBCOMPACT,1.6,4,A6,Z,7.9,5.7,36,50,1380,159
2010,MINI,COOPER CLUBMAN,SUBCOMPACT,1.6,4,M6,Z,7.1,5.3,40,53,1260,145
2010,MINI,COOPER CONVERTIBLE,MINICOMPACT,1.6,4,A6,Z,7.9,5.7,36,50,1380,159
2010,MINI,COOPER CONVERTIBLE,MINICOMPACT,1.6,4,M6,Z,7.1,5.3,40,53,1260,145
2010,MINI,COOPER S,MINICOMPACT,1.6,4,A6,Z,8.7,6.2,32,46,1520,175
2010,MINI,COOPER S,MINICOMPACT,1.6,4,M6,Z,7.8,5.7,36,50,1380,159
2010,MINI,COOPER S CLUBMAN,SUBCOMPACT,1.6,4,A6,Z,8.7,6.2,32,46,1520,175
2010,MINI,COOPER S CLUBMAN,SUBCOMPACT,1.6,4,M6,Z,7.8,5.7,36,50,1380,159
2010,MINI,COOPER S CONVERTIBLE,MINICOMPACT,1.6,4,A6,Z,8.7,6.2,32,46,1520,175
2010,MINI,COOPER S CONVERTIBLE,MINICOMPACT,1.6,4,M6,Z,7.8,5.7,36,50,1380,159
2010,MINI,JOHN COOPER WORKS,MINICOMPACT,1.6,4,M6,Z,7.8,5.7,36,50,1380,159
2010,MINI,JOHN COOPER WORKS CLUBMAN,SUBCOMPACT,1.6,4,M6,Z,7.8,5.7,36,50,1380,159
2010,MINI,JOHN COOPER WORKS CONVERTIBLE,MINICOMPACT,1.6,4,M6,Z,7.8,5.7,36,50,1380,159
2010,MITSUBISHI,ENDEAVOR AWD,SUV,3.8,6,AS4,Z,14.2,10.3,20,27,2480,285
2010,MITSUBISHI,GALANT,MID-SIZE,2.4,4,AS4,X,9.8,6.6,29,43,1660,191
2010,MITSUBISHI,LANCER,COMPACT,2.0,4,AS6,Z,12.2,8.0,23,35,2060,237
2010,MITSUBISHI,LANCER,COMPACT,2.0,4,AV,X,9.0,6.5,31,43,1580,182
2010,MITSUBISHI,LANCER,COMPACT,2.0,4,M5,X,9.4,6.5,30,43,1620,186
2010,MITSUBISHI,LANCER,COMPACT,2.4,4,AV,X,9.6,7.1,29,40,1700,196
2010,MITSUBISHI,LANCER,COMPACT,2.4,4,M5,X,10.2,7.3,28,39,1780,205
2010,MITSUBISHI,LANCER EVOLUTION,COMPACT,2.0,4,AS6,Z,12.7,8.9,22,32,2200,253
2010,MITSUBISHI,LANCER EVOLUTION,COMPACT,2.0,4,M5,Z,12.9,9.0,22,31,2240,258
2010,MITSUBISHI,LANCER SPORTBACK,STATION WAGON - SMALL,2.0,4,AS6,Z,12.2,8.0,23,35,2060,237
2010,MITSUBISHI,LANCER SPORTBACK,STATION WAGON - SMALL,2.4,4,AV,X,9.6,7.1,29,40,1700,196
2010,MITSUBISHI,LANCER SPORTBACK,STATION WAGON - SMALL,2.4,4,M5,X,10.2,7.3,28,39,1780,205
2010,MITSUBISHI,OUTLANDER,SUV,2.4,4,AV,X,9.5,7.2,30,39,1700,196
2010,MITSUBISHI,OUTLANDER 4WD,SUV,2.4,4,AV,X,9.9,7.8,29,36,1800,207
2010,MITSUBISHI,OUTLANDER 4WD,SUV,3.0,6,AS6,Z,11.2,8.2,25,34,1960,225
2010,NISSAN,370Z,TWO-SEATER,3.7,6,AS7,Z,11.1,7.5,25,38,1900,218
2010,NISSAN,370Z,TWO-SEATER,3.7,6,M6,Z,11.6,7.7,24,37,1960,225
2010,NISSAN,370Z ROADSTER,TWO-SEATER,3.7,6,AS7,Z,11.6,8.0,24,35,2000,230
2010,NISSAN,370Z ROADSTER,TWO-SEATER,3.7,6,M6,Z,11.9,8.1,24,35,2040,235
2010,NISSAN,ALTIMA,MID-SIZE,2.5,4,AV,X,8.7,6.0,32,47,1500,172
2010,NISSAN,ALTIMA,MID-SIZE,2.5,4,M6,X,8.8,6.2,32,46,1520,175
2010,NISSAN,ALTIMA,MID-SIZE,3.5,6,AV,X,10.2,7.2,28,39,1780,205
2010,NISSAN,ALTIMA,MID-SIZE,3.5,6,M6,X,11.4,7.3,25,39,1920,221
2010,NISSAN,ALTIMA COUPE,SUBCOMPACT,2.5,4,AV,X,8.9,6.2,32,46,1540,177
2010,NISSAN,ALTIMA COUPE,SUBCOMPACT,2.5,4,M6,X,9.0,6.3,31,45,1560,179
2010,NISSAN,ALTIMA COUPE,SUBCOMPACT,3.5,6,AV,X,10.2,7.3,28,39,1780,205
2010,NISSAN,ALTIMA COUPE,SUBCOMPACT,3.5,6,M6,X,11.4,7.3,25,39,1920,221
2010,NISSAN,ALTIMA HYBRID,MID-SIZE,2.5,4,AV,X,5.6,5.9,50,48,1160,133
2010,NISSAN,ARMADA 4WD,SUV,5.6,8,A5,X,17.3,11.4,16,25,2940,338
2010,NISSAN,CUBE,STATION WAGON - SMALL,1.8,4,AV,X,7.3,6.3,39,45,1380,159
2010,NISSAN,CUBE,STATION WAGON - SMALL,1.8,4,M6,X,8.1,6.6,35,43,1480,170
2010,NISSAN,FRONTIER,PICKUP TRUCK - SMALL,2.5,4,A5,X,12.6,9.2,22,31,2200,253
2010,NISSAN,FRONTIER,PICKUP TRUCK - SMALL,2.5,4,M5,X,10.7,8.7,26,32,1960,225
2010,NISSAN,FRONTIER,PICKUP TRUCK - SMALL,4.0,6,A5,X,14.2,9.8,20,29,2460,283
2010,NISSAN,FRONTIER 4WD,PICKUP TRUCK - SMALL,4.0,6,A5,X,14.7,10.4,19,27,2560,294
2010,NISSAN,FRONTIER 4WD,PICKUP TRUCK - SMALL,4.0,6,M6,X,13.7,10.4,21,27,2460,283
2010,NISSAN,GT-R,SUBCOMPACT,3.8,6,AS6,Z,13.9,9.5,20,30,2380,274
2010,NISSAN,MAXIMA,MID-SIZE,3.5,6,AV,Z,10.9,7.7,26,37,1900,218
2010,NISSAN,MURANO AWD,SUV,3.5,6,AV,Z,11.8,8.7,24,32,2080,239
2010,NISSAN,PATHFINDER 4WD,SUV,4.0,6,A5,Z,14.9,10.3,19,27,2560,294
2010,NISSAN,ROGUE,SUV,2.5,4,AV,X,9.2,7.3,31,39,1660,191
2010,NISSAN,ROGUE AWD,SUV,2.5,4,AV,X,9.6,7.8,29,36,1760,202
2010,NISSAN,SENTRA,MID-SIZE,2.0,4,AV,X,7.5,5.8,38,49,1340,154
2010,NISSAN,SENTRA,MID-SIZE,2.0,4,M6,X,8.4,6.4,34,44,1500,172
2010,NISSAN,SENTRA,MID-SIZE,2.5,4,AV,X,8.7,6.5,32,43,1540,177
2010,NISSAN,SENTRA,MID-SIZE,2.5,4,M6,Z,9.8,7.0,29,40,1700,196
2010,NISSAN,TITAN,PICKUP TRUCK - STANDARD,5.6,8,A5,X,16.5,11.3,17,25,2840,327
2010,NISSAN,TITAN 4WD,PICKUP TRUCK - STANDARD,5.6,8,A5,X,17.7,12.0,16,24,3020,347
2010,NISSAN,VERSA,MID-SIZE,1.6,4,A4,X,7.8,5.9,36,48,1380,159
2010,NISSAN,VERSA,MID-SIZE,1.6,4,M5,X,7.7,5.8,37,49,1380,159
2010,NISSAN,VERSA,MID-SIZE,1.8,4,A4,X,8.5,6.2,33,46,1480,170
2010,NISSAN,VERSA,MID-SIZE,1.8,4,AV,X,7.3,5.8,39,49,1320,152
2010,NISSAN,VERSA,MID-SIZE,1.8,4,M6,X,7.9,6.3,36,45,1440,166
2010,NISSAN,XTERRA 4WD,SUV,4.0,6,A5,X,14.5,10.1,19,28,2500,288
2010,NISSAN,XTERRA 4WD,SUV,4.0,6,M6,X,13.5,10.2,21,28,2400,276
2010,PONTIAC,G3,COMPACT,1.6,4,A4,X,8.2,5.8,34,49,1420,163
2010,PONTIAC,G3,COMPACT,1.6,4,M5,X,7.5,5.7,38,50,1340,154
2010,PONTIAC,G3 HATCHBACK,SUBCOMPACT,1.6,4,A4,X,8.2,5.8,34,49,1420,163
2010,PONTIAC,G3 HATCHBACK,SUBCOMPACT,1.6,4,M5,X,7.5,5.7,38,50,1340,154
2010,PONTIAC,G5,SUBCOMPACT,2.2,4,A4,X,8.7,5.9,32,48,1480,170
2010,PONTIAC,G5,SUBCOMPACT,2.2,4,M5,X,8.4,5.8,34,49,1460,168
2010,PONTIAC,G5 XFE,SUBCOMPACT,2.2,4,M5,X,8.0,5.4,35,52,1360,156
2010,PONTIAC,VIBE,STATION WAGON - SMALL,1.8,4,A4,X,8.0,6.2,35,46,1440,166
2010,PONTIAC,VIBE,STATION WAGON - SMALL,1.8,4,M5,X,7.8,6.2,36,46,1420,163
2010,PONTIAC,VIBE,STATION WAGON - SMALL,2.4,4,AS5,X,9.7,6.9,29,41,1680,193
2010,PONTIAC,VIBE,STATION WAGON - SMALL,2.4,4,M5,X,9.6,7.2,29,39,1700,196
2010,PONTIAC,VIBE AWD,STATION WAGON - SMALL,2.4,4,A4,X,10.3,7.8,27,36,1840,212
2010,PORSCHE,911 CARRERA,MINICOMPACT,3.6,6,AS7,Z,11.2,7.3,25,39,1880,216
2010,PORSCHE,911 CARRERA,MINICOMPACT,3.6,6,M6,Z,11.3,7.9,25,36,1940,223
2010,PORSCHE,911 CARRERA 4,MINICOMPACT,3.6,6,AS7,Z,11.4,7.5,25,38,1920,221
2010,PORSCHE,911 CARRERA 4,MINICOMPACT,3.6,6,M6,Z,11.4,7.9,25,36,1960,225
2010,PORSCHE,911 CARRERA 4 CABRIOLET,MINICOMPACT,3.6,6,AS7,Z,11.5,7.6,25,37,1940,223
2010,PORSCHE,911 CARRERA 4 CABRIOLET,MINICOMPACT,3.6,6,M6,Z,11.4,7.9,25,36,1960,225
2010,PORSCHE,911 CARRERA 4S,MINICOMPACT,3.8,6,AS7,Z,11.4,7.7,25,37,1940,223
2010,PORSCHE,911 CARRERA 4S,MINICOMPACT,3.8,6,M6,Z,11.8,8.0,24,35,2020,232
2010,PORSCHE,911 CARRERA 4S CABRIOLET,MINICOMPACT,3.8,6,AS7,Z,11.3,7.5,25,38,1920,221
2010,PORSCHE,911 CARRERA 4S CABRIOLET,MINICOMPACT,3.8,6,M6,Z,11.8,8.0,24,35,2020,232
2010,PORSCHE,911 CARRERA CABRIOLET,MINICOMPACT,3.6,6,AS7,Z,11.2,7.3,25,39,1880,216
2010,PORSCHE,911 CARRERA CABRIOLET,MINICOMPACT,3.6,6,M6,Z,11.3,7.9,25,36,1940,223
2010,PORSCHE,911 CARRERA S,MINICOMPACT,3.8,6,AS7,Z,11.1,7.5,25,38,1900,218
2010,PORSCHE,911 CARRERA S,MINICOMPACT,3.8,6,M6,Z,11.6,7.8,24,36,1980,228
2010,PORSCHE,911 CARRERA S CABRIOLET,MINICOMPACT,3.8,6,AS7,Z,11.1,7.5,25,38,1900,218
2010,PORSCHE,911 CARRERA S CABRIOLET,MINICOMPACT,3.8,6,M6,Z,11.6,7.8,24,36,1980,228
2010,PORSCHE,911 GT3,TWO-SEATER,3.8,6,M6,Z,15.2,9.7,19,29,2540,292
2010,PORSCHE,911 GT3 RS,TWO-SEATER,3.8,6,M6,Z,15.2,9.7,19,29,2540,292
2010,PORSCHE,911 TARGA 4,MINICOMPACT,3.6,6,AS7,Z,11.5,7.6,25,37,1940,223
2010,PORSCHE,911 TARGA 4,MINICOMPACT,3.6,6,M6,Z,11.4,7.9,25,36,1960,225
2010,PORSCHE,911 TARGA 4S,MINICOMPACT,3.8,6,AS7,Z,11.3,7.5,25,38,1920,221
2010,PORSCHE,911 TARGA 4S,MINICOMPACT,3.8,6,M6,Z,11.8,8.0,24,35,2020,232
2010,PORSCHE,911 TURBO,MINICOMPACT,3.6,6,AS7,Z,12.7,8.1,22,35,2120,244
2010,PORSCHE,911 TURBO,MINICOMPACT,3.6,6,M6,Z,12.7,8.3,22,34,2160,248
2010,PORSCHE,911 TURBO CABRIOLET,MINICOMPACT,3.8,6,AS7,Z,13.2,8.2,21,34,2200,253
2010,PORSCHE,911 TURBO CABRIOLET,MINICOMPACT,3.8,6,M6,Z,13.1,8.4,22,34,2180,251
2010,PORSCHE,BOXSTER,TWO-SEATER,2.9,6,AS7,Z,10.2,6.7,28,42,1720,198
2010,PORSCHE,BOXSTER,TWO-SEATER,2.9,6,M6,Z,11.2,7.4,25,38,1900,218
2010,PORSCHE,BOXSTER S,TWO-SEATER,3.4,6,AS7,Z,10.6,6.7,27,42,1780,205
2010,PORSCHE,BOXSTER S,TWO-SEATER,3.4,6,M6,Z,11.1,7.5,25,38,1900,218
2010,PORSCHE,CAYENNE,SUV,3.6,6,AS6,Z,14.6,10.0,19,28,2500,288
2010,PORSCHE,CAYENNE,SUV,3.6,6,M6,Z,15.4,9.8,18,29,2580,297
2010,PORSCHE,CAYENNE GTS,SUV,4.8,8,AS6,Z,16.2,10.9,17,26,2760,317
2010,PORSCHE,CAYENNE GTS,SUV,4.8,8,M6,Z,19.4,11.7,15,24,3180,366
2010,PORSCHE,CAYENNE S,SUV,4.8,8,AS6,Z,16.3,10.5,17,27,2740,315
2010,PORSCHE,CAYENNE TURBO,SUV,4.8,8,AS6,Z,18.0,10.7,16,26,2940,338
2010,PORSCHE,CAYENNE TURBO S,SUV,4.8,8,AS6,Z,18.0,10.7,16,26,2940,338
2010,PORSCHE,CAYMAN,TWO-SEATER,2.9,6,AS7,Z,10.2,6.7,28,42,1720,198
2010,PORSCHE,CAYMAN,TWO-SEATER,2.9,6,M6,Z,11.2,7.4,25,38,1900,218
2010,PORSCHE,CAYMAN S,TWO-SEATER,3.4,6,AS7,Z,10.6,6.7,27,42,1780,205
2010,PORSCHE,CAYMAN S,TWO-SEATER,3.4,6,M6,Z,11.1,7.5,25,38,1900,218
2010,PORSCHE,PANAMERA 4S,FULL-SIZE,4.8,8,AS7,Z,12.9,8.3,22,34,2180,251
2010,PORSCHE,PANAMERA S,FULL-SIZE,4.8,8,AS7,Z,12.9,8.3,22,34,2180,251
2010,PORSCHE,PANAMERA TURBO,FULL-SIZE,4.8,8,AS7,Z,14.1,8.6,20,33,2340,269
2010,ROLLS-ROYCE,GHOST,FULL-SIZE,6.6,12,A8,Z,16.6,10.1,17,28,2740,315
2010,ROLLS-ROYCE,PHANTOM,MID-SIZE,6.7,12,A6,Z,18.1,11.4,16,25,3020,347
2010,ROLLS-ROYCE,PHANTOM COUPE,COMPACT,6.7,12,A6,Z,18.1,11.4,16,25,3020,347
2010,ROLLS-ROYCE,PHANTOM DROPHEAD COUPE,COMPACT,6.7,12,A6,Z,18.1,11.4,16,25,3020,347
2010,ROLLS-ROYCE,PHANTOM EWB,FULL-SIZE,6.7,12,A6,Z,18.1,11.4,16,25,3020,347
2010,SMART,FORTWO CABRIOLET,TWO-SEATER,1.0,3,AS5,Z,5.9,4.8,48,59,1080,124
2010,SMART,FORTWO COUPE,TWO-SEATER,1.0,3,AS5,Z,5.9,4.8,48,59,1080,124
2010,SUBARU,FORESTER 2.5X,SUV,2.5,4,AS4,X,10.4,7.7,27,37,1840,212
2010,SUBARU,FORESTER 2.5X,SUV,2.5,4,M5,X,10.6,7.5,27,38,1840,212
2010,SUBARU,FORESTER 2.5X LTD,SUV,2.5,4,AS4,X,10.4,7.7,27,37,1840,212
2010,SUBARU,FORESTER 2.5X TOURING,SUV,2.5,4,AS4,X,10.4,7.7,27,37,1840,212
2010,SUBARU,FORESTER 2.5X TOURING,SUV,2.5,4,M5,X,10.6,7.5,27,38,1840,212
2010,SUBARU,FORESTER 2.5XT LTD TURBO,SUV,2.5,4,AS4,Z,11.0,8.4,26,34,1960,225
2010,SUBARU,FORESTER PZEV,SUV,2.5,4,AS4,X,10.4,7.7,27,37,1840,212
2010,SUBARU,IMPREZA 2.5i,COMPACT,2.5,4,AS4,X,10.4,7.7,27,37,1840,212
2010,SUBARU,IMPREZA 2.5i,COMPACT,2.5,4,M5,X,10.6,7.5,27,38,1840,212
2010,SUBARU,IMPREZA 2.5i LTD,COMPACT,2.5,4,AS4,X,10.4,7.7,27,37,1840,212
2010,SUBARU,IMPREZA 2.5i LTD,COMPACT,2.5,4,M5,X,10.6,7.5,27,38,1840,212
2010,SUBARU,IMPREZA 2.5i LTD WAGON,STATION WAGON - SMALL,2.5,4,AS4,X,10.4,7.7,27,37,1840,212
2010,SUBARU,IMPREZA 2.5i LTD WAGON,STATION WAGON - SMALL,2.5,4,M5,X,10.6,7.5,27,38,1840,212
2010,SUBARU,IMPREZA 2.5i SPORT,COMPACT,2.5,4,AS4,X,10.4,7.7,27,37,1840,212
2010,SUBARU,IMPREZA 2.5i SPORT,COMPACT,2.5,4,M5,X,10.6,7.5,27,38,1840,212
2010,SUBARU,IMPREZA 2.5i SPORT WAGON,STATION WAGON - SMALL,2.5,4,AS4,X,10.4,7.7,27,37,1840,212
2010,SUBARU,IMPREZA 2.5i SPORT WAGON,STATION WAGON - SMALL,2.5,4,M5,X,10.6,7.5,27,38,1840,212
2010,SUBARU,IMPREZA 2.5i WAGON,STATION WAGON - SMALL,2.5,4,AS4,X,10.4,7.7,27,37,1840,212
2010,SUBARU,IMPREZA 2.5i WAGON,STATION WAGON - SMALL,2.5,4,M5,X,10.6,7.5,27,38,1840,212
2010,SUBARU,IMPREZA GT TURBO,COMPACT,2.5,4,AS4,Z,11.0,8.4,26,34,1960,225
2010,SUBARU,IMPREZA GT WAGON TURBO,STATION WAGON - SMALL,2.5,4,AS4,Z,11.0,8.4,26,34,1960,225
2010,SUBARU,IMPREZA STI TURBO,COMPACT,2.5,4,M6,Z,12.4,8.9,23,32,2160,248
2010,SUBARU,IMPREZA WRX TURBO,COMPACT,2.5,4,M5,Z,11.3,8.1,25,35,1980,228
2010,SUBARU,IMPREZA WRX WAGON TURBO,STATION WAGON - SMALL,2.5,4,M5,Z,11.3,8.1,25,35,1980,228
2010,SUBARU,LEGACY 2.5GT TURBO,COMPACT,2.5,4,M6,Z,11.5,8.0,25,35,1980,228
2010,SUBARU,LEGACY 2.5i,COMPACT,2.5,4,AV,X,9.2,6.5,31,43,1600,184
2010,SUBARU,LEGACY 2.5i,COMPACT,2.5,4,M6,X,10.6,7.4,27,38,1840,212
2010,SUBARU,LEGACY 2.5i LTD,COMPACT,2.5,4,AV,X,9.2,6.5,31,43,1600,184
2010,SUBARU,LEGACY 2.5i PZEV,COMPACT,2.5,4,AV,X,9.2,6.5,31,43,1600,184
2010,SUBARU,LEGACY 2.5i SPORT,COMPACT,2.5,4,AV,X,9.2,6.5,31,43,1600,184
2010,SUBARU,LEGACY 2.5i SPORT,COMPACT,2.5,4,M6,X,10.6,7.4,27,38,1840,212
2010,SUBARU,LEGACY 3.6R,COMPACT,3.6,6,AS5,X,11.8,8.2,24,34,2040,235
2010,SUBARU,LEGACY 3.6R LTD,COMPACT,3.6,6,AS5,X,11.8,8.2,24,34,2040,235
2010,SUBARU,OUTBACK 2.5i LTD,SUV,2.5,4,AV,X,9.5,6.9,30,41,1680,193
2010,SUBARU,OUTBACK 2.5i SPORT,SUV,2.5,4,AV,X,9.5,6.9,30,41,1680,193
2010,SUBARU,OUTBACK 2.5i SPORT,SUV,2.5,4,M6,X,10.6,7.4,27,38,1840,212
2010,SUBARU,OUTBACK 3.6R,SUV,3.6,6,AS5,X,11.8,8.2,24,34,2040,235
2010,SUBARU,OUTBACK 3.6R LTD,SUV,3.6,6,AS5,X,11.8,8.2,24,34,2040,235
2010,SUBARU,OUTBACK PZEV,SUV,2.5,4,AV,X,9.5,6.9,30,41,1680,193
2010,SUBARU,OUTBACK PZEV,SUV,2.5,4,M6,X,10.6,7.4,27,38,1840,212
2010,SUBARU,TRIBECA AWD,SUV,3.6,6,AS5,X,13.1,9.4,22,30,2280,262
2010,SUZUKI,EQUATOR 4X4,PICKUP TRUCK - SMALL,4.0,6,A5,X,14.6,10.6,19,27,2560,294
2010,SUZUKI,GRAND VITARA,SUV,2.4,4,A4,X,11.2,8.6,25,33,2000,230
2010,SUZUKI,GRAND VITARA,SUV,3.2,6,A5,X,12.5,8.6,23,33,2140,246
2010,SUZUKI,SWIFT+,COMPACT,1.6,4,A4,X,8.2,5.8,34,49,1420,163
2010,SUZUKI,SWIFT+,COMPACT,1.6,4,M5,X,7.9,5.7,36,50,1340,154
2010,SUZUKI,SX4 AWD HATCH,STATION WAGON - SMALL,2.0,4,AV,X,8.9,6.9,32,41,1600,184
2010,SUZUKI,SX4 AWD HATCH,STATION WAGON - SMALL,2.0,4,M6,X,9.3,6.6,30,43,1620,186
2010,SUZUKI,SX4 HATCH,STATION WAGON - SMALL,2.0,4,AV,X,8.2,6.4,34,44,1480,170
2010,SUZUKI,SX4 HATCH,STATION WAGON - SMALL,2.0,4,M6,X,9.1,6.3,31,45,1560,179
2010,SUZUKI,SX4 JLX HATCH,STATION WAGON - SMALL,2.0,4,AV,X,8.8,6.7,32,42,1560,179
2010,SUZUKI,SX4 JX HATCH,STATION WAGON - SMALL,2.0,4,AV,X,8.8,6.7,32,42,1560,179
2010,SUZUKI,SX4 SEDAN,COMPACT,2.0,4,AV,X,8.0,6.1,35,46,1440,166
2010,SUZUKI,SX4 SEDAN,COMPACT,2.0,4,M6,X,9.0,6.0,31,47,1520,175
2010,SUZUKI,SX4 SEDAN SPORT,COMPACT,2.0,4,AV,X,8.9,6.7,32,42,1580,182
2010,SUZUKI,SX4 SEDAN SPORT,COMPACT,2.0,4,M6,X,9.1,6.2,31,46,1560,179
2010,TOYOTA,4RUNNER 4WD,SUV,4.0,6,AS5,X,12.6,9.2,22,31,2220,255
2010,TOYOTA,AVALON,FULL-SIZE,3.5,6,AS6,X,10.7,7.0,26,40,1800,207
2010,TOYOTA,CAMRY,MID-SIZE,2.5,4,AS6,X,9.0,6.1,31,46,1540,177
2010,TOYOTA,CAMRY,MID-SIZE,2.5,4,M6,X,9.5,6.1,30,46,1600,184
2010,TOYOTA,CAMRY,MID-SIZE,3.5,6,AS6,X,10.7,7.0,26,40,1800,207
2010,TOYOTA,CAMRY HYBRID,MID-SIZE,2.4,4,AV,X,5.7,5.7,50,50,1140,131
2010,TOYOTA,COROLLA,COMPACT,1.8,4,A4,X,7.6,5.7,37,50,1360,156
2010,TOYOTA,COROLLA,COMPACT,1.8,4,M5,X,7.5,5.6,38,50,1340,154
2010,TOYOTA,COROLLA,COMPACT,2.4,4,AS5,X,9.4,6.5,30,43,1620,186
2010,TOYOTA,COROLLA,COMPACT,2.4,4,M5,X,9.5,6.7,30,42,1640,189
2010,TOYOTA,COROLLA MATRIX,STATION WAGON - SMALL,1.8,4,A4,X,8.1,6.2,35,46,1440,166
2010,TOYOTA,COROLLA MATRIX,STATION WAGON - SMALL,1.8,4,M5,X,7.8,6.2,36,46,1420,163
2010,TOYOTA,COROLLA MATRIX,STATION WAGON - SMALL,2.4,4,A4,X,10.3,7.7,27,37,1820,209
2010,TOYOTA,COROLLA MATRIX,STATION WAGON - SMALL,2.4,4,AS5,X,9.7,6.9,29,41,1680,193
2010,TOYOTA,COROLLA MATRIX,STATION WAGON - SMALL,2.4,4,M5,X,9.6,7.1,29,40,1700,196
2010,TOYOTA,FJ CRUISER 4WD,SUV,4.0,6,A5,X,12.5,9.6,23,29,2240,258
2010,TOYOTA,FJ CRUISER 4WD,SUV,4.0,6,M6,X,13.7,10.3,21,27,2440,281
2010,TOYOTA,HIGHLANDER,SUV,2.7,4,AS6,X,10.4,7.3,27,39,1800,207
2010,TOYOTA,HIGHLANDER,SUV,3.5,6,AS5,X,11.9,8.4,24,34,2060,237
2010,TOYOTA,HIGHLANDER 4WD,SUV,3.5,6,AS5,X,12.3,8.8,23,32,2160,248
2010,TOYOTA,HIGHLANDER HYBRID 4WD,SUV,3.3,6,AV,X,7.4,8.0,38,35,1540,177
2010,TOYOTA,PRIUS,MID-SIZE,1.8,4,AV,X,3.7,4.0,76,71,760,87
2010,TOYOTA,RAV4,SUV,2.5,4,A5,X,9.4,6.9,30,41,1660,191
2010,TOYOTA,RAV4,SUV,3.5,6,A5,X,10.7,7.4,26,38,1840,212
2010,TOYOTA,RAV4 4WD,SUV,2.5,4,A6,X,9.7,7.2,29,39,1720,198
2010,TOYOTA,RAV4 4WD,SUV,3.5,6,A5,X,11.1,7.7,25,37,1920,221
2010,TOYOTA,SEQUOIA 4WD,SUV,4.6,8,AS6,X,16.0,11.1,18,25,2760,317
2010,TOYOTA,SEQUOIA 4WD,SUV,5.7,8,AS6,X,16.3,11.2,17,25,2800,322
2010,TOYOTA,SIENNA,MINIVAN,3.5,6,A5,X,11.7,8.1,24,35,2020,232
2010,TOYOTA,SIENNA 4WD,MINIVAN,3.5,6,A5,X,13.3,9.5,21,30,2320,267
2010,TOYOTA,TACOMA,PICKUP TRUCK - SMALL,2.7,4,A4,X,11.0,7.9,26,36,1920,221
2010,TOYOTA,TACOMA,PICKUP TRUCK - SMALL,2.7,4,M5,X,10.5,7.8,27,36,1860,214
2010,TOYOTA,TACOMA,PICKUP TRUCK - SMALL,4.0,6,M6,X,14.0,10.3,20,27,2460,283
2010,TOYOTA,TACOMA 4WD,PICKUP TRUCK - SMALL,2.7,4,M5,X,12.0,9.1,24,31,2140,246
2010,TOYOTA,TACOMA 4WD,PICKUP TRUCK - SMALL,4.0,6,A5,X,13.5,10.1,21,28,2380,274
2010,TOYOTA,TACOMA 4WD,PICKUP TRUCK - SMALL,4.0,6,M6,X,15.0,11.3,19,25,2680,308
2010,TOYOTA,TUNDRA,PICKUP TRUCK - STANDARD,4.6,8,AS6,X,14.0,9.9,20,29,2420,278
2010,TOYOTA,TUNDRA,PICKUP TRUCK - STANDARD,5.7,8,AS6,X,15.3,10.9,18,26,2660,306
2010,TOYOTA,TUNDRA 4WD,PICKUP TRUCK - STANDARD,4.6,8,AS6,X,14.9,10.5,19,27,2580,297
2010,TOYOTA,TUNDRA 4WD,PICKUP TRUCK - STANDARD,5.7,8,AS6,X,16.8,11.8,17,24,2900,334
2010,TOYOTA,VENZA,SUV,2.7,4,AS6,X,10.0,6.8,28,42,1700,196
2010,TOYOTA,VENZA,SUV,3.5,6,AS6,X,11.0,7.6,26,37,1900,218
2010,TOYOTA,VENZA AWD,SUV,2.7,4,AS6,X,10.2,7.1,28,40,1760,202
2010,TOYOTA,VENZA AWD,SUV,3.5,6,AS6,X,11.5,7.9,25,36,1980,228
2010,TOYOTA,YARIS,SUBCOMPACT,1.5,4,A4,X,7.0,5.6,40,50,1280,147
2010,TOYOTA,YARIS,SUBCOMPACT,1.5,4,M5,X,6.9,5.4,41,52,1240,143
2010,VOLKSWAGEN,CC,SUBCOMPACT,2.0,4,AS6,Z,9.6,6.6,29,43,1660,191
2010,VOLKSWAGEN,CC,SUBCOMPACT,2.0,4,M6,Z,10.0,6.6,28,43,1700,196
2010,VOLKSWAGEN,CC 4MOTION,SUBCOMPACT,3.6,6,AS6,Z,12.7,8.3,22,34,2140,246
2010,VOLKSWAGEN,CITY GOLF,COMPACT,2.0,4,AS6,X,9.9,6.9,29,41,1700,196
2010,VOLKSWAGEN,CITY GOLF,COMPACT,2.0,4,M5,X,9.8,6.9,29,41,1700,196
2010,VOLKSWAGEN,EOS,SUBCOMPACT,2.0,4,AS6,Z,9.2,6.6,31,43,1600,184
2010,VOLKSWAGEN,EOS,SUBCOMPACT,2.0,4,M6,Z,10.0,6.6,28,43,1700,196
2010,VOLKSWAGEN,GOLF,COMPACT,2.5,5,AS6,X,9.2,6.9,31,41,1640,189
2010,VOLKSWAGEN,GOLF,COMPACT,2.5,5,M5,X,10.4,7.0,27,40,1780,205
2010,VOLKSWAGEN,GOLF TDI CLEAN DIESEL,COMPACT,2.0,4,AS6,D,6.7,4.6,42,61,1160,157
2010,VOLKSWAGEN,GOLF TDI CLEAN DIESEL,COMPACT,2.0,4,M6,D,6.7,4.7,42,60,1160,157
2010,VOLKSWAGEN,GOLF WAGON,STATION WAGON - SMALL,2.5,5,AS6,X,9.3,6.9,30,41,1640,189
2010,VOLKSWAGEN,GOLF WAGON,STATION WAGON - SMALL,2.5,5,M5,X,10.4,7.0,27,40,1780,205
2010,VOLKSWAGEN,GOLF WAGON TDI CLEAN DIESEL,STATION WAGON - SMALL,2.0,4,AS6,D,6.7,4.6,42,61,1160,157
2010,VOLKSWAGEN,GOLF WAGON TDI CLEAN DIESEL,STATION WAGON - SMALL,2.0,4,M6,D,6.7,4.7,42,60,1160,157
2010,VOLKSWAGEN,GTI,COMPACT,2.0,4,AS6,Z,8.7,6.3,32,45,1520,175
2010,VOLKSWAGEN,GTI,COMPACT,2.0,4,M6,Z,10.0,6.6,28,43,1700,196
2010,VOLKSWAGEN,JETTA,COMPACT,2.0,4,AS6,Z,8.7,6.3,32,45,1520,175
2010,VOLKSWAGEN,JETTA,COMPACT,2.0,4,M6,Z,10.0,6.6,28,43,1700,196
2010,VOLKSWAGEN,JETTA,COMPACT,2.5,5,AS6,X,9.3,6.9,30,41,1640,189
2010,VOLKSWAGEN,JETTA,COMPACT,2.5,5,M5,X,10.4,7.0,27,40,1780,205
2010,VOLKSWAGEN,JETTA TDI CLEAN DIESEL,COMPACT,2.0,4,AS6,D,6.7,4.6,42,61,1160,157
2010,VOLKSWAGEN,JETTA TDI CLEAN DIESEL,COMPACT,2.0,4,M6,D,6.7,4.7,42,60,1160,157
2010,VOLKSWAGEN,NEW BEETLE,SUBCOMPACT,2.5,5,AS6,X,10.4,6.8,27,42,1760,202
2010,VOLKSWAGEN,NEW BEETLE,SUBCOMPACT,2.5,5,M5,X,10.4,7.1,27,40,1780,205
2010,VOLKSWAGEN,NEW BEETLE CONVERTIBLE,SUBCOMPACT,2.5,5,AS6,X,10.5,7.0,27,40,1780,205
2010,VOLKSWAGEN,NEW BEETLE CONVERTIBLE,SUBCOMPACT,2.5,5,M5,X,10.2,7.1,28,40,1760,202
2010,VOLKSWAGEN,PASSAT,MID-SIZE,2.0,4,AS6,Z,9.6,6.6,29,43,1660,191
2010,VOLKSWAGEN,PASSAT,MID-SIZE,2.0,4,M6,Z,10.0,6.6,28,43,1700,196
2010,VOLKSWAGEN,PASSAT WAGON,STATION WAGON - MID-SIZE,2.0,4,AS6,Z,9.6,6.6,29,43,1660,191
2010,VOLKSWAGEN,PASSAT WAGON,STATION WAGON - MID-SIZE,2.0,4,M6,Z,10.0,6.6,28,43,1700,196
2010,VOLKSWAGEN,PASSAT WAGON 4MOTION,STATION WAGON - MID-SIZE,3.6,6,AS6,Z,12.7,8.3,22,34,2140,246
2010,VOLKSWAGEN,ROUTAN,MINIVAN,4.0,6,A6,X,12.2,7.9,23,36,2060,237
2010,VOLKSWAGEN,TIGUAN,SUV,2.0,4,AS6,Z,11.4,8.1,25,35,1980,228
2010,VOLKSWAGEN,TIGUAN,SUV,2.0,4,M6,Z,11.2,7.6,25,37,1920,221
2010,VOLKSWAGEN,TIGUAN 4MOTION,SUV,2.0,4,AS6,Z,11.6,8.3,24,34,2020,232
2010,VOLKSWAGEN,TOUAREG,SUV,3.6,6,AS6,Z,14.8,10.4,19,27,2560,294
2010,VOLKSWAGEN,TOUAREG TDI CLEAN DIESEL,SUV,3.0,6,AS6,D,11.9,8.0,24,35,2040,275
2010,VOLVO,C30 2.4i,COMPACT,2.4,5,AS5,X,10.6,7.1,27,40,1800,207
2010,VOLVO,C30 2.4i,COMPACT,2.4,5,M5,X,10.3,7.0,27,40,1760,202
2010,VOLVO,C30 T5,COMPACT,2.5,5,AS5,X,10.2,6.8,28,42,1740,200
2010,VOLVO,C30 T5,COMPACT,2.5,5,M6,X,10.2,6.8,28,42,1740,200
2010,VOLVO,C70 T5,SUBCOMPACT,2.5,5,AS5,X,11.3,7.2,25,39,1900,218
2010,VOLVO,C70 T5,SUBCOMPACT,2.5,5,M6,X,10.8,7.2,26,39,1840,212
2010,VOLVO,S40 2.4i,COMPACT,2.4,5,AS5,X,10.6,7.1,27,40,1800,207
2010,VOLVO,S40 2.4i,COMPACT,2.4,5,M5,X,10.3,7.0,27,40,1760,202
2010,VOLVO,S40 T5,COMPACT,2.5,5,AS5,X,10.2,6.8,28,42,1740,200
2010,VOLVO,S40 T5,COMPACT,2.5,5,M6,X,10.2,6.8,28,42,1740,200
2010,VOLVO,S40 T5 AWD,COMPACT,2.5,5,AS5,X,11.2,7.3,25,39,1880,216
2010,VOLVO,S40 T5 AWD,COMPACT,2.5,5,M6,X,10.9,7.3,26,39,1860,214
2010,VOLVO,S80 3.2,MID-SIZE,3.2,6,AS6,X,12.2,7.6,23,37,2020,232
2010,VOLVO,S80 T6 AWD,MID-SIZE,3.0,6,AS6,X,13.3,8.6,21,33,2240,258
2010,VOLVO,S80 V8 AWD,MID-SIZE,4.4,8,AS6,X,14.0,9.0,20,31,2340,269
2010,VOLVO,V50 2.4i,STATION WAGON - SMALL,2.4,5,AS5,X,10.6,7.1,27,40,1800,207
2010,VOLVO,V50 2.4i,STATION WAGON - SMALL,2.4,5,M5,X,10.3,7.0,27,40,1760,202
2010,VOLVO,V50 T5,STATION WAGON - SMALL,2.5,5,AS5,X,10.2,6.8,28,42,1740,200
2010,VOLVO,V50 T5,STATION WAGON - SMALL,2.5,5,M6,X,10.2,6.8,28,42,1740,200
2010,VOLVO,V50 T5 AWD,STATION WAGON - SMALL,2.5,5,AS5,X,11.2,7.4,25,38,1900,218
2010,VOLVO,V50 T5 AWD,STATION WAGON - SMALL,2.5,5,M6,X,10.8,7.4,26,38,1860,214
2010,VOLVO,V70 3.2,STATION WAGON - MID-SIZE,3.2,6,AS6,X,12.2,7.6,23,37,2020,232
2010,VOLVO,XC60 3.2,SUV,3.2,6,AS6,X,12.2,7.6,23,37,2020,232
2010,VOLVO,XC60 3.2 AWD,SUV,3.2,6,AS6,X,13.8,8.9,20,32,2320,267
2010,VOLVO,XC60 T6 AWD,SUV,3.0,6,AS6,X,13.0,9.0,22,31,2240,258
2010,VOLVO,XC70 3.2 AWD,SUV,3.2,6,AS6,X,13.8,8.9,20,32,2320,267
2010,VOLVO,XC70 T6 AWD,SUV,3.0,6,AS6,X,13.0,9.0,22,31,2240,258
2010,VOLVO,XC90 3.2,SUV,3.2,6,AS6,X,14.0,9.3,20,30,2380,274
2010,VOLVO,XC90 3.2 AWD,SUV,3.2,6,AS6,X,13.9,9.3,20,30,2360,271
2010,VOLVO,XC90 V8 AWD,SUV,4.4,8,AS6,X,16.2,10.6,17,27,2740,315
,,,,,,,,,,,,,
Understanding the Table,,,,,,,,,,,,,
Model,4WD/4X4 = Four-wheel drive,,,,,,,,,,,,
,AWD = All-wheel drive,,,,,,,,,,,,
,CNG = Compressed natural gas,,,,,,,,,,,,
,FFV = Flexible-fuel vehicle,,,,,,,,,,,,
,NGV = Natural gas vehicle,,,,,,,,,,,,
,# = High output engine that provides more power than the standard engine of the same size,,,,,,,,,,,,
Transmission,A = Automatic,,,,,,,,,,,,
,AM = Automated manual,,,,,,,,,,,,
,AS = Automatic with select shift,,,,,,,,,,,,
,AV = Continuously variable,,,,,,,,,,,,
,M = Manual,,,,,,,,,,,,
,3  9 = Number of gears,,,,,,,,,,,,
Fuel Type,X = Regular gasoline,,,,,,,,,,,,
,Z = Premium gasoline,,,,,,,,,,,,
,D = Diesel,,,,,,,,,,,,
,E = Ethanol (E85),,,,,,,,,,,,
,N = Natural Gas,,,,,,,,,,,,
Fuel Consumption,Fuel consumption ratings are shown in litres per 100 kilometres (L/100 km) and in miles per imperial gallon (mpg),,,,,,,,,,,,
Fuel (L) / Year,Estimated annual fuel use is based on 20 000 km driven and a combined rating of 55 percent city and 45 percent highway.,,,,,,,,,,,,
CO2 Emissions (g/km),Estimated tailpipe carbon dioxide emissions (in grams per kilometre) are based on fuel type and the combined fuel consumption rating.,,,,,,,,,,,,
